,brand_name,best_price,os,memory_size,battery_size,sellers_amount,screen_size,model_names,model_specs
0,ALCATEL,1690.0,Android,8.0,2000.0,36,5.0,1 1/8GB,Pro_Max Dual
1,ALCATEL,1803.0,Android,16.0,2000.0,36,5.0,1 5033D,1/16GB_Volcano (5033D-2LALUAF)
2,ALCATEL,1803.0,Android,16.0,2000.0,36,5.0,1 5033D,1/16GB_Volcano (5033D-2LALUAF)
3,ALCATEL,1803.0,Android,16.0,2000.0,36,5.0,1 5033D,1/16GB_Volcano (5033D-2LALUAF)
4,Nokia,1999.0,Android,16.0,3000.0,10,5.71,1.3 1/16GB,Pro_Max Dual
5,Honor,10865.0,Android,64.0,3400.0,2,5.8,10 6/64GB,Pro_Max Dual
6,Honor,3999.0,Android,32.0,3400.0,2,6.21,10 Lite,Pro_Max Dual
7,Honor,4973.0,Android,64.0,3400.0,6,6.21,10 Lite,Pro_Max Dual
8,Honor,5100.0,Android,128.0,3400.0,3,6.21,10 lite,Pro_Max Dual
9,Honor,4948.0,Android,64.0,3400.0,8,6.21,10 lite,Pro_Max Dual
10,Honor,4948.0,Android,64.0,3400.0,8,6.21,10 lite,Pro_Max Dual
11,Honor,5165.0,Android,64.0,3400.0,7,6.21,10 lite,Pro_Max Dual
12,Honor,5499.0,Android,128.0,3400.0,2,6.21,10i 4/128GB,Pro_Max Dual
13,Honor,5499.0,Android,128.0,3400.0,2,6.21,10i 4/128GB,Pro_Max Dual
14,Meizu,6584.0,Android,128.0,3000.0,1,5.45,15 4/128GB,Pro_Max Dual
15,Meizu,5272.0,Android,64.0,3000.0,3,5.45,15 4/64GB,Pro_Max Dual
16,Meizu,5272.0,Android,64.0,3000.0,3,5.45,15 4/64GB,Pro_Max Dual
17,Meizu,5272.0,Android,64.0,3000.0,3,5.45,15 4/64GB,Pro_Max Dual
18,Meizu,5328.0,Android,64.0,3500.0,1,5.95,15 Plus,Pro_Max Dual
19,Meizu,5328.0,Android,64.0,3500.0,1,5.95,15 Plus,Pro_Max Dual
20,Meizu,5328.0,Android,64.0,3500.0,1,5.95,15 Plus,Pro_Max Dual
21,Meizu,5926.0,Android,128.0,3100.0,11,6.0,16 6/128GB,Pro_Max Dual
22,Meizu,5231.0,Android,64.0,3100.0,19,6.0,16 6/64GB,Pro_Max Dual
23,Meizu,5649.0,Android,128.0,3100.0,2,6.0,16X 6/128GB,Pro_Max Dual
24,Meizu,7229.0,Android,128.0,4000.0,11,6.2,16Xs 6/128GB,Pro_Max Dual
25,Meizu,7776.0,Android,64.0,3010.0,9,6.0,16th 6/64GB,Pro_Max Dual
26,ALCATEL,2399.0,Android,16.0,3000.0,4,5.5,1B 5002H,Pro_Max Dual
27,ALCATEL,2408.0,Android,16.0,3000.0,31,5.5,1B 5002H,Pro_Max Dual
28,ALCATEL,3249.0,Android,32.0,4000.0,38,6.22,1SE 3/32GB,Pro_Max Dual
29,ALCATEL,3877.0,Android,128.0,4000.0,35,6.22,1SE 4/128GB,Pro_Max Dual
30,ALCATEL,3877.0,Android,128.0,4000.0,35,6.22,1SE 4/128GB,Pro_Max Dual
31,Nokia,2299.0,Android,16.0,3000.0,1,5.71,2.2 2/16GB,Pro_Max Dual
32,Nokia,2799.0,Android,32.0,4000.0,2,6.2,2.3 2/32GB,Pro_Max Dual
33,Nokia,3162.0,Android,32.0,4500.0,17,6.5,2.4 2/32GB,Pro_Max Dual
34,Honor,9999.0,Android,128.0,3750.0,1,6.26,20 6/128GB,Pro_Max Dual
35,Nokia,2530.0,iOS,4.0,1500.0,26,2.8,2720 Flip,Pro_Max Dual
36,realme,7068.0,Android,128.0,4045.0,1,6.3,3 Pro,Pro_Max Dual
37,realme,7068.0,Android,128.0,4045.0,1,6.3,3 Pro,Pro_Max Dual
38,Nokia,3899.0,Android,64.0,4000.0,24,6.39,3.4 3/64GB,Pro_Max Dual
39,OnePlus,6991.0,OxygenOS,128.0,3400.0,9,5.5,3T 128GB,Pro_Max Dual
40,OnePlus,6991.0,OxygenOS,128.0,3400.0,9,5.5,3T 128GB,Pro_Max Dual
41,OnePlus,5856.0,OxygenOS,64.0,3400.0,10,5.5,3T 64GB,Pro_Max Dual
42,ALCATEL,3590.0,Android,64.0,4000.0,1,6.52,3X 5048Y,Pro_Max Dual
43,Archos,840.0,Android,8.0,1300.0,1,4.0,40 Neon,Pro_Max Dual
44,Archos,840.0,Android,8.0,1300.0,1,4.0,40 Neon,Pro_Max Dual
45,realme,5757.0,Android,128.0,5000.0,1,6.5,5 4/128GB,Pro_Max Dual
46,OnePlus,7333.0,Android,64.0,3300.0,1,5.5,5 6/64GB,Pro_Max Dual
47,OnePlus,7333.0,Android,64.0,3300.0,1,5.5,5 6/64GB,Pro_Max Dual
48,realme,8294.0,Android,128.0,4035.0,1,6.3,5 Pro,Pro_Max Dual
49,realme,8294.0,Android,128.0,4035.0,1,6.3,5 Pro,Pro_Max Dual
50,realme,8294.0,Android,128.0,4035.0,1,6.3,5 Pro,Pro_Max Dual
51,Nokia,4429.0,Android,64.0,4000.0,42,6.55,5.3 4/64GB,Pro_Max Dual
52,Nokia,9323.0,Android,128.0,4000.0,4,6.39,5.4 4/128GB,Pro_Max Dual
53,realme,4761.0,Android,64.0,5000.0,2,6.5,5i 4/64GB,Pro_Max Dual
54,realme,5936.0,Android,128.0,4300.0,20,6.5,6 4/128GB,Pro_Max Dual
55,realme,5299.0,Android,64.0,4300.0,1,6.5,6 4/64GB,Pro_Max Dual
56,Nokia,6381.0,Android,64.0,3000.0,3,5.5,6 64GB,Pro_Max Dual
57,Nokia,5265.0,Android,64.0,3000.0,1,5.5,6 64GB,Pro_Max Dual
58,realme,6767.0,Android,128.0,4300.0,34,6.5,6 8/128GB,Pro_Max Dual
59,realme,8045.0,Android,128.0,4300.0,10,6.6,6 Pro,Pro_Max Dual
60,Nokia,3820.0,Android,32.0,3000.0,2,5.5,6.1 4/32GB,Pro_Max Dual
61,Nokia,3962.0,Android,64.0,3000.0,4,5.5,6.1 4/64GB,Pro_Max Dual
62,Nokia,5020.0,Android,64.0,3060.0,1,5.8,6.1 Plus,Pro_Max Dual
63,realme,5777.0,Android,64.0,4300.0,1,6.5,6S 4/64GB,Pro_Max Dual
64,realme,5777.0,Android,64.0,4300.0,1,6.5,6S 4/64GB,Pro_Max Dual
65,realme,6078.0,Android,128.0,4300.0,5,6.5,6S 6/128GB,Pro_Max Dual
66,OnePlus,15625.0,Android,256.0,3700.0,8,6.41,6T 8/256GB,Pro_Max Dual
67,realme,4292.0,Android,64.0,5000.0,17,6.5,6i 3/64GB,Pro_Max Dual
68,realme,4946.0,Android,128.0,5000.0,27,6.5,6i 4/128GB,Pro_Max Dual
69,Honor,2766.0,Android,16.0,3100.0,1,5.2,7 16GB,Pro_Max Dual
70,Honor,2766.0,Android,16.0,3100.0,1,5.2,7 16GB,Pro_Max Dual
71,Honor,2766.0,Android,16.0,3100.0,1,5.2,7 16GB,Pro_Max Dual
72,realme,6215.0,Android,64.0,5000.0,3,6.5,7 6/64GB,Pro_Max Dual
73,OnePlus,14443.0,Android,256.0,3700.0,11,6.41,7 8/256GB,Pro_Max Dual
74,Nokia,7612.0,Android,64.0,3800.0,2,6.0,7 Plus,Pro_Max Dual
75,realme,8584.0,Android,128.0,4500.0,23,6.4,7 Pro,Pro_Max Dual
76,OnePlus,17172.0,Android,256.0,4300.0,11,6.55,8 12/256GB,Pro_Max Dual
77,Honor,3613.0,Android,32.0,3000.0,3,5.2,8 3/32GB,Pro_Max Dual
78,Honor,3499.0,Android,64.0,3000.0,1,5.2,8 4/64GB,Pro_Max Dual
79,OnePlus,15840.0,Android,128.0,4300.0,13,6.55,8 8/128GB,Pro_Max Dual
80,Nokia,6222.0,Android,64.0,3090.0,1,5.3,8 Dual,Pro_Max Dual
81,OnePlus,22587.0,Android,256.0,4510.0,32,6.78,8 Pro,Pro_Max Dual
82,OnePlus,20709.0,Android,128.0,4510.0,23,6.78,8 Pro,Pro_Max Dual
83,Nokia,19041.0,Android,128.0,4500.0,18,6.81,8.3 5G,Pro_Max Dual
84,Honor,3199.0,Android,32.0,3020.0,1,6.09,8A 2/32GB,Pro_Max Dual
85,Honor,3844.0,Android,64.0,3020.0,2,6.09,8A 3/64GB,Pro_Max Dual
86,Honor,3844.0,Android,64.0,3020.0,2,6.09,8A 3/64GB,Pro_Max Dual
87,Honor,2499.0,Android,32.0,3020.0,1,5.7,8S 2/32GB,Pro_Max Dual
88,Honor,2499.0,Android,32.0,3020.0,1,5.7,8S 2/32GB,Pro_Max Dual
89,OnePlus,23999.0,Android,256.0,4500.0,2,6.55,8T 12/256GB,Cyberpunk_2077 Edition
90,OnePlus,18200.0,Android,256.0,4500.0,29,6.55,8T 12/256GB,Pro_Max Dual
91,OnePlus,16845.0,Android,128.0,4500.0,35,6.55,8T 8/128GB,Pro_Max Dual
92,Honor,5652.0,Android,64.0,5000.0,2,7.12,8x Max,Pro_Max Dual
93,Honor,5652.0,Android,64.0,5000.0,2,7.12,8x Max,Pro_Max Dual
94,Honor,5844.0,Android,64.0,5000.0,3,7.12,8x Max,Pro_Max Dual
95,Honor,4461.0,Android,64.0,3200.0,5,5.15,9 4/64GB,Pro_Max Dual
96,Honor,3491.0,Android,32.0,3000.0,3,5.65,9 Lite,Pro_Max Dual
97,Honor,3424.0,Android,32.0,3000.0,2,5.84,9i 3/32GB,Pro_Max Dual
98,Honor,3424.0,Android,32.0,3000.0,2,5.84,9i 3/32GB,Pro_Max Dual
99,Honor,4009.0,Android,64.0,3000.0,1,5.84,9i 4/64GB,Pro_Max Dual
100,Honor,4009.0,Android,64.0,3000.0,1,5.84,9i 4/64GB,Pro_Max Dual
101,Honor,5599.0,Android,128.0,4000.0,3,6.59,9x 4/128GB,Pro_Max Dual
102,AGM,5628.0,Android,128.0,4400.0,11,5.7,A10 6/128GB,Pro_Max Dual
103,OPPO,3520.0,Android,32.0,4230.0,15,6.22,A12 3/32GB,Pro_Max Dual
104,OPPO,3949.0,Android,64.0,4230.0,4,6.22,A12 4/64GB,Pro_Max Dual
105,Blackview,1852.0,Android,16.0,2500.0,2,5.5,A30 2/16GB,Pro_Max Dual
106,Blackview,1852.0,Android,16.0,2500.0,2,5.5,A30 2/16GB,Pro_Max Dual
107,OPPO,4471.0,Android,64.0,4230.0,18,6.5,A31 4/64GB,Pro_Max Dual
108,OPPO,4773.0,Android,64.0,5000.0,4,6.5,A5 2020,Pro_Max Dual
109,Archos,1599.0,Android,16.0,2700.0,1,5.0,A50 GRANITE,Pro_Max Dual
110,Bravis,2199.0,Android,16.0,3200.0,1,5.0,A512 Harmony,Pro_Max Dual
111,OPPO,5448.0,Android,64.0,5000.0,65,6.5,A52 4/64GB,Pro_Max Dual
112,OPPO,5683.0,Android,128.0,5000.0,19,6.5,A53 4/128GB,Pro_Max Dual
113,OPPO,5257.0,Android,64.0,5000.0,66,6.5,A53 4/64GB,Pro_Max Dual
114,NUU,1599.0,Android,16.0,2650.0,4,5.5,A5L+ 2/16GB,Pro_Max Dual
115,OPPO,3266.0,Android,32.0,4230.0,2,6.2,A5s 3/32Gb,Pro_Max Dual
116,Blackview,1910.0,Android,16.0,4080.0,42,6.1,A60 1/16GB,Pro_Max Dual
117,Blackview,2831.0,Android,64.0,4080.0,8,6.08,A60 Plus,Pro_Max Dual
118,Blackview,2465.0,Android,16.0,4080.0,15,6.08,A60 Pro,Pro_Max Dual
119,Lenovo,3391.0,Android,32.0,4000.0,5,6.09,A7 2/32GB,Pro_Max Dual
120,UMIDIGI,3868.0,Android,128.0,4150.0,4,6.3,A7 Pro,Pro_Max Dual
121,UMIDIGI,3868.0,Android,128.0,4150.0,4,6.3,A7 Pro,Pro_Max Dual
122,UMIDIGI,3327.0,Android,64.0,4150.0,2,6.3,A7 Pro,Pro_Max Dual
123,OPPO,6867.0,Android,128.0,5000.0,11,6.5,A72 4/128GB,Pro_Max Dual
124,OPPO,6615.0,Android,128.0,4015.0,55,6.44,A73 4/128GB,Pro_Max Dual
125,UMIDIGI,2479.0,Android,32.0,4150.0,1,6.53,A7S 2/32GB,Pro_Max Dual
126,AGM,4463.0,Android,32.0,3608.201812191104,3,5.0,A8 3/32GB,Pro_Max Dual
127,Blackview,2232.0,Android,16.0,4200.0,10,6.21,A80 2/16GB,Pro_Max Dual
128,Blackview,3250.0,Android,64.0,4680.0,26,6.49,A80 Pro,Pro_Max Dual
129,OPPO,6039.0,Android,128.0,5000.0,1,6.5,A9 2020,Pro_Max Dual
130,OPPO,5699.0,Android,128.0,5000.0,1,6.5,A9 2020,Pro_Max Dual
131,AGM,5851.0,Android,32.0,5400.0,10,5.99,A9 4/32GB,Pro_Max Dual
132,AGM,6900.0,Android,64.0,5400.0,14,5.99,A9 4/64GB,Pro_Max Dual
133,OPPO,8141.0,Android,128.0,4025.0,21,6.4,A91 8/128GB,Pro_Max Dual
134,Crosscall,3460.0,Android,32.0,3500.0,1,5.0,Action-X3 3/32GB,Pro_Max Dual
135,Sharp,7827.0,Android,64.0,2900.0,7,5.99,Aquos D10,Pro_Max Dual
136,Ulefone,12913.0,Android,128.0,5800.0,5,6.67,Armor 10,Pro_Max Dual
137,Ulefone,6692.0,Android,64.0,3608.201812191104,6,5.7,Armor 3W,Pro_Max Dual
138,Ulefone,7498.0,Android,64.0,10300.0,3,5.7,Armor 3WT,Pro_Max Dual
139,Ulefone,7958.0,Android,128.0,5500.0,10,6.3,Armor 7E,Pro_Max Dual
140,Ulefone,7958.0,Android,128.0,5500.0,10,6.3,Armor 7E,Pro_Max Dual
141,Ulefone,5943.0,Android,64.0,5500.0,29,6.1,Armor 8,Pro_Max Dual
142,Ulefone,15611.0,Android,128.0,6600.0,20,6.3,Armor 9,Pro_Max Dual
143,Ulefone,11062.0,Android,128.0,6600.0,17,6.3,Armor 9E,Pro_Max Dual
144,Ulefone,11062.0,Android,128.0,6600.0,17,6.3,Armor 9E,Pro_Max Dual
145,Ulefone,3155.0,Android,32.0,5000.0,29,5.5,Armor X3,Pro_Max Dual
146,Ulefone,3768.0,Android,32.0,5000.0,38,5.5,Armor X5,Pro_Max Dual
147,Ulefone,4251.0,Android,64.0,5000.0,28,5.5,Armor X5,Pro_4/64GB (6937748733829)
148,Ulefone,2786.0,Android,16.0,4000.0,38,5.0,Armor X6,Pro_Max Dual
149,Ulefone,3072.0,Android,16.0,3608.201812191104,38,5.0,Armor X7,Pro_Max Dual
150,Ulefone,3550.0,Android,32.0,4000.0,35,5.0,Armor X7,Pro_Max Dual
151,Ulefone,4424.0,Android,64.0,5080.0,33,5.7,Armor X8,Pro_Max Dual
152,Tecno,1699.0,Android,8.0,4000.0,1,5.45,B1P DS,Pro_Max Dual
153,Tecno,1699.0,Android,8.0,4000.0,1,5.45,B1P DS,Pro_Max Dual
154,ERGO,1715.0,Android,8.0,2500.0,1,5.0,B505 Unit,4G_Dual Black
155,DOOGEE,3107.0,Android,64.0,5050.0,1,5.5,BL5000 Black,Pro_Max Dual
156,DOOGEE,3107.0,Android,64.0,5050.0,1,5.5,BL5000 Black,Pro_Max Dual
157,DOOGEE,2323.0,Android,16.0,5500.0,2,6.19,BL5500 Lite,2/16GB_Dual Gold
158,Blackview,2974.0,Android,32.0,5580.0,23,5.7,BV4900 3/32GB,Pro_Max Dual
159,Blackview,3474.0,Android,64.0,5580.0,13,5.7,BV4900 Pro,Pro_Max Dual
160,Blackview,4727.0,Android,128.0,5580.0,13,5.7,BV5100 4/128GB,Pro_Max Dual
161,Blackview,6789.0,Android,128.0,5580.0,22,5.7,BV5100 Pro,Pro_Max Dual
162,Blackview,2596.0,Android,16.0,4400.0,54,5.5,BV5500 2/16GB,Pro_Max Dual
163,Blackview,2720.0,Android,32.0,4400.0,25,5.5,BV5500 Plus,Pro_Max Dual
164,Blackview,3566.0,Android,16.0,4400.0,47,5.5,BV5500 Pro,Pro_Max Dual
165,Blackview,3566.0,Android,16.0,4400.0,47,5.5,BV5500 Pro,Pro_Max Dual
166,Blackview,2394.0,Android,16.0,5580.0,1,5.5,BV5800 Pro,Pro_Max Dual
167,Blackview,3668.0,Android,32.0,5580.0,26,5.7,BV5900 3/32GB,Pro_Max Dual
168,Blackview,3386.0,Android,16.0,5580.0,23,6.88,BV6100 3/16GB,Pro_Max Dual
169,Blackview,3762.0,Android,32.0,4380.0,29,5.7,BV6300 3/32GB,Pro_Max Dual
170,Blackview,5418.0,Android,128.0,4380.0,28,5.7,BV6300 Pro,Pro_Max Dual
171,Blackview,6801.0,Android,64.0,6580.0,55,5.7,BV6800 Pro,Pro_Max Dual
172,Blackview,4793.0,Android,64.0,5580.0,10,5.84,BV6900 4/64GB,Pro_Max Dual
173,Blackview,4584.0,Android,64.0,4180.0,19,5.0,BV8000 Pro,Pro_Max Dual
174,Blackview,4584.0,Android,64.0,4180.0,19,5.0,BV8000 Pro,Pro_Max Dual
175,Blackview,5355.0,Android,64.0,13000.0,13,6.3,BV9100 4/64GB,Pro_Max Dual
176,Blackview,6356.0,Android,64.0,10000.0,5,5.7,BV9500 Black,Pro_Max Dual
177,Blackview,5851.0,Android,64.0,10000.0,17,5.7,BV9500 Plus,Pro_Max Dual
178,Blackview,8087.0,Android,128.0,10000.0,7,5.7,BV9500 Pro,Pro_Max Dual
179,Blackview,6072.0,Android,64.0,5580.0,20,6.21,BV9600 4/64GB,Pro_Max Dual
180,Blackview,6072.0,Android,64.0,5580.0,20,6.21,BV9600 4/64GB,Pro_Max Dual
181,Blackview,6898.0,Android,128.0,5580.0,10,6.21,BV9600 Pro,Pro_Max Dual
182,Blackview,6898.0,Android,128.0,5580.0,10,6.21,BV9600 Pro,Pro_Max Dual
183,Blackview,6126.0,Android,128.0,5580.0,18,6.21,BV9600E 4/128GB,Pro_Max Dual
184,Blackview,6967.0,Android,128.0,4380.0,20,5.84,BV9700 Pro,Pro_Max Dual
185,Blackview,7686.0,Android,128.0,4380.0,3,5.84,BV9700 Pro,6/128GB_Black Night
186,Blackview,10064.0,Android,128.0,6580.0,14,6.3,BV9800 6/128Gb,Pro_Max Dual
187,Blackview,10064.0,Android,128.0,6580.0,14,6.3,BV9800 6/128Gb,Pro_Max Dual
188,Blackview,10436.0,Android,128.0,6580.0,30,6.3,BV9800 Pro,Pro_Max Dual
189,Blackview,9916.0,Android,256.0,4380.0,14,5.84,BV9900 8/256GB,Pro_Max Dual
190,Blackview,12667.0,Android,128.0,4380.0,6,5.84,BV9900 Pro,Pro_Max Dual
191,Blackview,7608.0,Android,128.0,4380.0,21,5.84,BV9900E 6/128GB,Pro_Max Dual
192,UMIDIGI,4994.0,Android,128.0,5000.0,4,6.3,Bison 6/128GB,Pro_Max Dual
193,Xiaomi,15149.0,Android,128.0,4000.0,2,6.39,Black Shark,2_Pro Black
194,Xiaomi,15399.0,Android,128.0,4000.0,11,6.39,Black Shark,2_Pro Iceberg
195,Xiaomi,18319.0,Android,256.0,4720.0,4,6.67,Black Shark,Pro_Max Dual
196,Xiaomi,13846.0,Android,128.0,4720.0,31,6.67,Black Shark,Pro_Max Dual
197,Xiaomi,13146.0,Android,128.0,4000.0,1,5.99,Black Shark,Pro_Max Dual
198,ZTE,4152.0,Android,128.0,5000.0,48,6.49,Blade 20,Smart_4/128GB Green
199,ZTE,2016.0,Android,32.0,2600.0,56,5.45,Blade A3,Pro_Max Dual
200,ZTE,2014.0,Android,32.0,2600.0,43,5.45,Blade A3,Pro_Max Dual
201,ZTE,2021.0,Android,32.0,2600.0,47,5.45,Blade A3,Pro_Max Dual
202,ZTE,1999.0,Android,16.0,2600.0,1,5.45,Blade A5,Pro_Max Dual
203,ZTE,1999.0,Android,16.0,2600.0,1,5.45,Blade A5,Pro_Max Dual
204,ZTE,1999.0,Android,16.0,2600.0,1,5.45,Blade A5,Pro_Max Dual
205,ZTE,2257.0,Android,32.0,2600.0,4,5.45,Blade A5,Pro_Max Dual
206,ZTE,2435.0,Android,32.0,2600.0,8,5.45,Blade A5,Pro_Max Dual
207,ZTE,2517.0,Android,32.0,3200.0,44,6.08,Blade A5,Pro_Max Dual
208,ZTE,2590.0,Android,32.0,3200.0,34,6.1,Blade A7,Pro_Max Dual
209,ZTE,2783.0,Android,32.0,4000.0,56,6.08,Blade A7,Pro_Max Dual
210,ZTE,3154.0,Android,64.0,4000.0,53,6.08,Blade A7,Pro_Max Dual
211,ZTE,3052.0,Android,64.0,4000.0,38,6.5,Blade A7S,Pro_Max Dual
212,ZTE,1801.0,Android,32.0,2600.0,39,6.0,Blade L210,Pro_Max Dual
213,ZTE,1789.0,Android,32.0,2600.0,42,6.0,Blade L210,Pro_Max Dual
214,ZTE,1789.0,Android,32.0,2600.0,42,6.0,Blade L210,Pro_Max Dual
215,ZTE,1552.0,Android,16.0,2000.0,44,5.0,Blade L8,Pro_Max Dual
216,ZTE,1529.0,Android,16.0,2000.0,45,5.0,Blade L8,Pro_Max Dual
217,ZTE,4041.0,Android,128.0,5000.0,45,6.82,Blade V2020,Pro_Max Dual
218,ZTE,3821.0,Android,64.0,5000.0,43,6.82,Blade V2020,Pro_Max Dual
219,realme,3055.0,Android,32.0,5000.0,5,6.5,C11 2/32GB,Pro_Max Dual
220,realme,3015.0,Android,32.0,5000.0,9,6.5,C11 2/32GB,Pro_Max Dual
221,Oukitel,3409.0,Android,64.0,4000.0,10,6.55,C18 Pro,Pro_Max Dual
222,Oukitel,2132.0,Android,16.0,4000.0,3,6.49,C19 2/16GB,Pro_Max Dual
223,Oukitel,2104.0,Android,16.0,4000.0,4,6.49,C19 2/16GB,Pro_Max Dual
224,realme,2899.0,Android,32.0,4000.0,1,6.1,C2 2/32GB,Pro_Max Dual
225,Oukitel,3276.0,Android,64.0,4000.0,11,6.4,C21 4/64GB,Pro_Max Dual
226,realme,3296.0,Android,32.0,5000.0,10,6.5,C3 2/32GB,Pro_Max Dual
227,realme,3361.0,Android,32.0,5000.0,11,6.5,C3 2/32GB,Pro_Max Dual
228,realme,3399.0,Android,32.0,5000.0,1,6.5,C3 3/32GB,Pro_Max Dual
229,realme,3812.0,Android,64.0,5000.0,17,6.5,C3 3/64GB,Pro_Max Dual
230,Cubot,5671.0,Android,128.0,4200.0,4,6.4,C30 8/128GB,Pro_Max Dual
231,S-TELL,1150.0,Android,4.0,2000.0,1,5.0,C552 Black,Pro_Max Dual
232,S-TELL,1150.0,Android,4.0,2000.0,1,5.0,C552 Red,Pro_Max Dual
233,Meizu,1899.0,Android,16.0,3000.0,1,5.45,C9 2/16GB,Pro_Max Dual
234,Meizu,2618.0,Android,32.0,3000.0,1,5.45,C9 Pro,Pro_Max Dual
235,Meizu,2618.0,Android,32.0,3000.0,1,5.45,C9 Pro,Pro_Max Dual
236,Crosscall,2950.0,Android,16.0,3500.0,1,5.0,CORE-X3 2/16GB,Pro_Max Dual
237,Tecno,2999.0,Android,32.0,4000.0,2,6.55,Camon 12,Air_CC6 Gold
238,Tecno,3440.0,Android,64.0,4000.0,12,6.52,Camon 12,Pro_Max Dual
239,Tecno,4057.0,Android,64.0,5000.0,6,6.6,Camon 15,4/64GB_Dark (4895180755057)
240,Tecno,4299.0,Android,128.0,5000.0,3,6.6,Camon 15,CD7_4/128GB Purple
241,Coolpad,3968.0,Android,64.0,4060.0,2,5.5,Cool Play,Pro_Max Dual
242,Coolpad,3968.0,Android,64.0,4060.0,2,5.5,Cool Play,Pro_Max Dual
243,Archos,2059.0,Android,16.0,2000.0,5,5.0,Core 50,Pro_Max Dual
244,Bluboo,1979.0,Android,16.0,2700.0,1,5.5,D6 Pro,Pro_Max Dual
245,Bluboo,1979.0,Android,16.0,2700.0,1,5.5,D6 Pro,Pro_Max Dual
246,LG,2884.0,Android,32.0,3000.0,1,5.5,D855 G3,Pro_Max Dual
247,LG,2969.0,Android,32.0,3000.0,1,5.5,D858 G3,Pro_Max Dual
248,Motorola,5590.0,Android,32.0,3760.0,1,5.4,Droid Turbo,2_32GB Nylon
249,Motorola,5590.0,Android,32.0,3760.0,1,5.4,Droid Turbo,2_32GB Nylon
250,2E,1250.0,Android,8.0,1500.0,18,4.5,E450A 2018,Pro_Max Dual
251,2E,1850.0,Android,8.0,2600.0,5,4.5,E450R DualSim,Pro_Max Dual
252,2E,1362.0,Android,8.0,2500.0,6,5.0,E500A 2019,Pro_Max Dual
253,Motorola,3490.0,Android,64.0,3000.0,1,6.1,E6 Plus,Pro_Max Dual
254,Motorola,3444.0,Android,64.0,3000.0,2,6.1,E6 Plus,Pro_Max Dual
255,Motorola,2992.0,Android,64.0,3000.0,30,6.1,E6S 4/64,GB_Meteor (PAJE0031RS)
256,Motorola,4217.0,Android,64.0,5000.0,5,6.5,E7 Plus,4/64GB_Misty (PAKX0008RS)
257,Motorola,15017.0,Android,128.0,4500.0,20,6.7,Edge 5G,6/128GB_Dual (XT2063-3)
258,2E,1610.0,Android,16.0,3020.0,8,5.3,F534L 2018,Pro_Max Dual
259,2E,1599.0,Android,16.0,3020.0,3,5.3,F534L 2018,Pro_Max Dual
260,2E,2167.0,Android,16.0,3020.0,2,5.7,F572L 2018,Pro_Max Dual
261,2E,1939.0,Android,16.0,3020.0,4,5.7,F572L 2018,Pro_Max Dual
262,OPPO,29999.0,Android,256.0,4200.0,2,6.7,Find X2,Pro_Max Dual
263,OPPO,32530.0,Android,512.0,4260.0,4,6.7,Find X2,Pro_Max Dual
264,LG,3742.0,Android,32.0,3300.0,1,5.7,G6 32GB,Pro_Max Dual
265,LG,3850.0,Android,64.0,3300.0,1,5.7,G6 64GB,Pro_Max Dual
266,LG,3799.0,Android,64.0,3300.0,1,5.7,G6 64GB,Pro_Max Dual
267,LG,4099.0,Android,64.0,3300.0,1,5.7,G6 G600L,Pro_Max Dual
268,LG,4099.0,Android,64.0,3300.0,1,5.7,G6 G600L,Pro_Max Dual
269,LG,4099.0,Android,64.0,3300.0,1,5.7,G6 G600L,Pro_Max Dual
270,LG,8009.0,Android,128.0,3300.0,1,5.7,G6 Plus,Pro_Max Dual
271,LG,8009.0,Android,128.0,3300.0,1,5.7,G6 Plus,Pro_Max Dual
272,Motorola,4849.0,Android,64.0,3000.0,2,6.2,G7 4/64GB,Pro_Max Dual
273,LG,5571.0,Android,64.0,3000.0,2,6.1,G7 ThinQ,4/64GB_Aurora (LMG710EMW.ACISBK)
274,LG,5421.0,Android,64.0,3000.0,2,6.1,G7 ThinQ,4/64GB_Moroccan (LMG710EMW.ACISBL)
275,LG,5713.0,Android,64.0,3000.0,3,6.1,G7 ThinQ,Pro_Max Dual
276,LG,5798.0,Android,64.0,3000.0,2,6.1,G7 ThinQ,Pro_Max Dual
277,Motorola,5464.0,Android,64.0,5000.0,27,6.4,G8 Power,4/64GB_Dual Black
278,Motorola,4772.0,Android,64.0,5000.0,12,6.5,G8 Power,Lite_4/64GB Blue
279,LG,8299.0,Android,128.0,3500.0,1,6.1,G8 ThinQ,Pro_Max Dual
280,LG,17790.0,Android,128.0,4000.0,21,6.4,G8X ThinQ,Pro_Max Dual
281,LG,14427.0,Android,128.0,3550.0,21,6.21,G8s ThinQ,Pro_Max Dual
282,Motorola,4812.0,Android,64.0,5000.0,17,6.5,G9 Play,4/64GB_Sapphire (PAKK0016RS)
283,Motorola,6697.0,Android,128.0,5000.0,46,6.81,G9 Plus,4/128GB_Navy (PAKM0019RS)
284,Samsung,3529.0,Android,32.0,2550.0,2,5.1,G920F Galaxy,S6_32GB Pearl)
285,Samsung,4511.0,Android,32.0,2600.0,1,5.1,G925F Galaxy,S6_Edge (White
286,Samsung,5930.0,Android,32.0,3600.0,1,5.5,G935FD Galaxy,S7_Edge Gold
287,Samsung,2940.0,Android,16.0,3000.0,33,5.7,Galaxy A01,Pro_Max Dual
288,Samsung,2344.0,Android,16.0,3000.0,50,5.3,Galaxy A01,Core_1/16GB (SM-A013FZKD)
289,Samsung,3776.0,Android,32.0,5000.0,25,6.5,Galaxy A02s,Pro_Max Dual
290,Samsung,3348.0,Android,32.0,4000.0,24,6.2,Galaxy A10s,2019_SM-A107F Black
291,Samsung,4101.0,Android,32.0,4000.0,40,6.4,Galaxy A11,Pro_Max Dual
292,Samsung,4473.0,Android,32.0,5000.0,63,6.5,Galaxy A12,SM-A125F_3/32GB (SM-A125FZKUSEK)
293,Samsung,4977.0,Android,64.0,5000.0,57,6.5,Galaxy A12,SM-A125F_4/64GB (SM-A125FZKVSEK)
294,Samsung,3222.0,Android,16.0,2600.0,8,5.0,Galaxy A2,Core_2019 1/16GB
295,Samsung,3222.0,Android,16.0,2600.0,8,5.0,Galaxy A2,Core_2019 1/16GB
296,Samsung,4595.0,Android,32.0,3000.0,9,5.8,Galaxy A20e,SM-A202F_3/32GB SM-A202FZKD
297,Samsung,4300.0,Android,32.0,3000.0,2,5.8,Galaxy A20e,SM-A202F_3/32GB (SM-A202FZWD)
298,Samsung,4126.0,Android,32.0,4000.0,13,6.5,Galaxy A20s,2019_A207F Black
299,Samsung,5174.0,Android,32.0,5000.0,46,6.5,Galaxy A21s,Pro_Max Dual
300,Samsung,4524.0,Android,32.0,4000.0,4,6.4,Galaxy A30s,Pro_Max Dual
301,Samsung,6340.0,Android,64.0,4000.0,1,6.4,Galaxy A30s,Pro_Max Dual
302,Samsung,6340.0,Android,64.0,4000.0,1,6.4,Galaxy A30s,Pro_Max Dual
303,Samsung,6098.0,Android,64.0,4000.0,8,6.4,Galaxy A30s,Pro_Max Dual
304,Samsung,6510.0,Android,128.0,5000.0,74,6.4,Galaxy A31,Pro_Max Dual
305,Samsung,5997.0,Android,64.0,5000.0,92,6.4,Galaxy A31,Pro_Max Dual
306,Samsung,6693.0,Android,64.0,3500.0,19,6.1,Galaxy A41,Pro_Max Dual
307,Samsung,6687.0,Android,128.0,4000.0,16,6.4,Galaxy A50,2019_SM-A505F Black
308,Samsung,5527.0,Android,64.0,4000.0,2,6.4,Galaxy A50,2019_SM-A505F Blue
309,Samsung,6933.0,Android,128.0,4000.0,2,6.4,Galaxy A50,2019_SM-A505F Blue
310,Samsung,8243.0,Android,128.0,4000.0,8,6.4,Galaxy A50s,2019_SM-A507FD Black
311,Samsung,8243.0,Android,128.0,4000.0,8,6.4,Galaxy A50s,2019_SM-A507FD Black
312,Samsung,8243.0,Android,128.0,4000.0,8,6.4,Galaxy A50s,2019_SM-A507FD Black
313,Samsung,7159.0,Android,128.0,4000.0,5,6.4,Galaxy A50s,SM-A5070_6/128GB Crush
314,Samsung,7139.0,Android,64.0,4000.0,83,6.5,Galaxy A51,2020_4/64GB (SM-A515FZKU)
315,Samsung,8076.0,Android,128.0,4000.0,77,6.5,Galaxy A51,2020_6/128GB (SM-A515FZBW)
316,Samsung,8538.0,Android,128.0,4000.0,20,6.5,Galaxy A51,SM-A515F_2020 Blue
317,Samsung,7135.0,Android,128.0,4000.0,9,6.5,Galaxy A51,Pro_Max Dual
318,Samsung,8152.0,Android,128.0,4000.0,66,6.5,Galaxy A51,SM-A515F_6/128GB Silver
319,Samsung,7064.0,Android,32.0,3500.0,3,6.0,Galaxy A6+,Pro_Max Dual
320,Samsung,5292.0,Android,32.0,3500.0,2,6.0,Galaxy A6+,Pro_Max Dual
321,Samsung,7071.0,Android,32.0,3500.0,4,6.0,Galaxy A6+,Pro_Max Dual
322,Samsung,5699.0,Android,64.0,3300.0,1,6.0,Galaxy A7,2018_4/64GB (SM-A750FZKU)
323,Samsung,5893.0,Android,64.0,3300.0,6,6.0,Galaxy A7,2018_4/64GB (SM-A750FZBU)
324,Samsung,8816.0,Android,128.0,4500.0,14,6.7,Galaxy A70,2019_SM-A7050 Black
325,Samsung,8965.0,Android,128.0,4500.0,11,6.7,Galaxy A70,2019_SM-A7050 Blue
326,Samsung,8965.0,Android,128.0,4500.0,11,6.7,Galaxy A70,2019_SM-A7050 Blue
327,Samsung,8965.0,Android,128.0,4500.0,11,6.7,Galaxy A70,2019_SM-A7050 Blue
328,Samsung,8986.0,Android,128.0,4500.0,9,6.7,Galaxy A70,2019_SM-A705F Black
329,Samsung,10403.0,Android,128.0,4500.0,79,6.7,Galaxy A71,2020_6/128GB (SM-A715FZKU)
330,Samsung,10848.0,Android,128.0,4500.0,20,6.7,Galaxy A71,2020_SM-A715F Blue
331,Samsung,7309.0,Android,32.0,3500.0,5,6.0,Galaxy A8+,2018_32GB (SM-A730FZDD)
332,Samsung,7253.0,Android,32.0,3500.0,5,6.0,Galaxy A8+,2018_32GB Gray
333,Samsung,7253.0,Android,32.0,3500.0,5,6.0,Galaxy A8+,2018_32GB Gray
334,Samsung,6542.0,Android,64.0,3500.0,1,6.0,Galaxy A8+,2018_4/64GB Gray
335,Samsung,13131.0,Android,128.0,3700.0,1,6.7,Galaxy A80,2019_8/128GB (SM-A805FZKD)
336,Samsung,13296.0,Android,128.0,3700.0,6,6.7,Galaxy A80,2019_A8050 Black
337,Samsung,8610.0,Android,128.0,3800.0,4,6.3,Galaxy A9,2018_6/128Gb (SM-A920FZBD)
338,Samsung,55338.0,Android,256.0,4380.0,4,7.3,Galaxy Fold,Pro_Max Dual
339,Samsung,41310.0,Android,512.0,4380.0,31,7.3,Galaxy Fold,Pro_Max Dual
340,Samsung,37640.0,Android,512.0,4235.0,10,7.3,Galaxy Fold,5G_SM-F907B Black
341,Samsung,37173.0,Android,512.0,4235.0,10,7.3,Galaxy Fold,5G_SM-F907B Silver
342,Samsung,3498.0,Android,32.0,3000.0,1,5.6,Galaxy J6,2018_2/32GB (SM-J600FZDD)
343,Samsung,4268.0,Android,16.0,3400.0,6,6.22,Galaxy M10,SM-M105F_2/16GB (SM-M105GDAG)
344,Samsung,4268.0,Android,16.0,3400.0,6,6.22,Galaxy M10,SM-M105F_2/16GB (SM-M105GDAG)
345,Samsung,4268.0,Android,16.0,3400.0,6,6.22,Galaxy M10,SM-M105F_2/16GB (SM-M105GDAG)
346,Samsung,4100.0,Android,32.0,3400.0,1,6.22,Galaxy M10,Pro_Max Dual
347,Samsung,4100.0,Android,32.0,3400.0,1,6.22,Galaxy M10,Pro_Max Dual
348,Samsung,4095.0,Android,32.0,3400.0,2,6.22,Galaxy M10,Pro_Max Dual
349,Samsung,4882.0,Android,32.0,4000.0,3,6.4,Galaxy M10S,Pro_Max Dual
350,Samsung,4171.0,Android,32.0,5000.0,8,6.4,Galaxy M115,M11_3/32 (SM-M115FZKN)
351,Samsung,5849.0,Android,64.0,6000.0,67,6.4,Galaxy M21,Pro_Max Dual
352,Samsung,6749.0,Android,64.0,5000.0,5,6.4,Galaxy M30,SM-M305F_4/64GB Blue
353,Samsung,7196.0,Android,128.0,6000.0,44,6.4,Galaxy M31,Pro_Max Dual
354,Samsung,8359.0,Android,128.0,6000.0,55,6.5,Galaxy M31s,Pro_Max Dual
355,Samsung,9620.0,Android,128.0,7000.0,55,6.7,Galaxy M51,Pro_Max Dual
356,Samsung,21353.0,Android,256.0,3500.0,5,6.3,Galaxy Note,10_SM-N9700 Black
357,Samsung,21852.0,Android,256.0,3500.0,14,6.3,Galaxy Note,10_SM-N9700 White
358,Samsung,19940.0,Android,256.0,3500.0,53,6.3,Galaxy Note,10_SM-N970F Black
359,Samsung,25252.0,Android,256.0,4300.0,16,6.8,Galaxy Note,10+_SM-N9750 Aura
360,Samsung,27124.0,Android,512.0,4300.0,1,6.8,Galaxy Note,10+_SM-N9750 Black
361,Samsung,23920.0,Android,256.0,4300.0,49,6.8,Galaxy Note,10+_SM-N975F Black
362,Samsung,27973.0,Android,512.0,4300.0,3,6.8,Galaxy Note,10+_SM-N975F Aura
363,Samsung,9923.0,Android,64.0,3300.0,3,6.3,Galaxy Note,Pro_Max Dual
364,Samsung,18114.0,Android,128.0,3300.0,6,6.3,Galaxy Note,8_N950F sim
365,Samsung,18114.0,Android,128.0,3300.0,6,6.3,Galaxy Note,8_N950F sim
366,Samsung,14422.0,Android,128.0,4000.0,15,6.4,Galaxy Note,9_N960 Metallic
367,Samsung,20948.0,Android,512.0,4000.0,3,6.4,Galaxy Note,9_N960 Lavender
368,Samsung,20948.0,Android,512.0,4000.0,3,6.4,Galaxy Note,9_N960 Lavender
369,Samsung,20948.0,Android,512.0,4000.0,3,6.4,Galaxy Note,9_N960 Lavender
370,Samsung,16076.0,Android,512.0,4000.0,17,6.4,Galaxy Note,9_N960 Metallic
371,Samsung,17585.0,Android,512.0,4000.0,14,6.4,Galaxy Note,9_N960 Midnight
372,Samsung,17540.0,Android,512.0,4000.0,16,6.4,Galaxy Note,9_N960 Ocean
373,Samsung,11405.0,Android,128.0,4500.0,77,6.7,Galaxy Note10,Lite_SM-N770F 6/128GB
374,Samsung,12169.0,Android,128.0,4500.0,27,6.7,Galaxy Note10,Lite_SM-N770F 8/128GB
375,Samsung,21175.0,Android,256.0,4300.0,34,6.7,Galaxy Note20,5G_N9810 Mystic
376,Samsung,21222.0,Android,256.0,4300.0,27,6.7,Galaxy Note20,5G_SM-N981B Mystic
377,Samsung,22670.0,Android,256.0,4300.0,63,6.7,Galaxy Note20,SM-N980F_8/256GB Green
378,Samsung,30008.0,Android,256.0,4500.0,33,6.9,Galaxy Note20,Ultra_5G 12/256GB
379,Samsung,28896.0,Android,256.0,4500.0,36,6.9,Galaxy Note20,Ultra_5G 12/256GB
380,Samsung,39524.0,Android,512.0,4500.0,20,6.9,Galaxy Note20,Ultra_5G 12/512GB
381,Samsung,32669.0,Android,256.0,4500.0,38,6.9,Galaxy Note20,Ultra_SM-N985F Mystic
382,Samsung,14079.0,Android,128.0,4500.0,4,6.7,Galaxy S10,Lite_SM-G770 Black
383,Samsung,14654.0,Android,128.0,4500.0,11,6.7,Galaxy S10,Lite_SM-G770 Black
384,Samsung,17561.0,Android,128.0,3400.0,64,6.1,Galaxy S10,SM-G973_DS Green
385,Samsung,21229.0,Android,512.0,3400.0,13,6.1,Galaxy S10,SM-G973_DS Black
386,Samsung,19123.0,Android,128.0,3400.0,10,6.1,Galaxy S10,SM-G9730_DS Black
387,Samsung,17860.0,Android,128.0,4000.0,45,6.4,Galaxy S10+,SM-G975_DS Black
388,Samsung,22932.0,Android,1000.0,4000.0,22,6.4,Galaxy S10+,SM-G975_DS Black
389,Samsung,23137.0,Android,1000.0,4000.0,22,6.4,Galaxy S10+,SM-G975_DS Ceramic
390,Samsung,21304.0,Android,512.0,4000.0,26,6.4,Galaxy S10+,SM-G975_DS Black
391,Samsung,19878.0,Android,512.0,4000.0,28,6.4,Galaxy S10+,SM-G975_DS White
392,Samsung,18739.0,Android,512.0,4000.0,1,6.4,Galaxy S10+,SM-G975_SS White
393,Samsung,18739.0,Android,512.0,4000.0,1,6.4,Galaxy S10+,SM-G975_SS White
394,Samsung,20044.0,Android,128.0,4000.0,9,6.4,Galaxy S10+,SM-G9750_DS Black
395,Samsung,20044.0,Android,128.0,4000.0,9,6.4,Galaxy S10+,SM-G9750_DS Black
396,Samsung,21454.0,Android,1000.0,4000.0,3,6.4,Galaxy S10+,SM-G9750_DS Black
397,Samsung,16313.0,Android,128.0,3100.0,23,5.8,Galaxy S10e,SM-G970_DS Black
398,Samsung,12499.0,Android,128.0,3100.0,1,5.8,Galaxy S10e,SM-G9700_DS Black
399,Samsung,20699.0,Android,128.0,4000.0,1,6.2,Galaxy S20,5G_SM-G981 Cosmic
400,Samsung,22846.0,Android,128.0,4000.0,22,6.2,Galaxy S20,5G_SM-G9810 Cloud
401,Samsung,17390.0,Android,128.0,4500.0,20,6.5,Galaxy S20,FE_5G 8/128GB
402,Samsung,21157.0,Android,256.0,4500.0,14,6.5,Galaxy S20,FE_5G Dual
403,Samsung,17332.0,Android,128.0,4500.0,10,6.5,Galaxy S20,FE_5G 6/128GB
404,Samsung,16980.0,Android,128.0,4500.0,1,6.5,Galaxy S20,FE_5G 8/128GB
405,Samsung,17631.0,Android,128.0,4500.0,79,6.5,Galaxy S20,FE_SM-G780F Blue
406,Samsung,20513.0,Android,256.0,4500.0,8,6.5,Galaxy S20,FE_SM-G780F Cloud
407,Samsung,16396.0,Android,128.0,4500.0,16,6.5,Galaxy S20,FE_SM-G780F Cloud
408,Samsung,19215.0,Android,256.0,4500.0,56,6.5,Galaxy S20,FE_SM-G780F Blue
409,Samsung,21011.0,Android,128.0,4000.0,65,6.2,Galaxy S20,SM-G980_8/128GB (SM-G980FZAD)
410,Samsung,29175.0,Android,256.0,5000.0,30,6.9,Galaxy S20,Ultra_5G 12/256GB
411,Samsung,27461.0,Android,128.0,5000.0,30,6.9,Galaxy S20,Ultra_5G 12/128GB
412,Samsung,32806.0,Android,128.0,5000.0,63,6.9,Galaxy S20,Ultra_SM-G988 Grey
413,Samsung,23302.0,Android,128.0,4500.0,31,6.9,Galaxy S20+,5G_SM-G9860 Cosmic
414,Samsung,24843.0,Android,128.0,4500.0,2,6.7,Galaxy S20+,5G_SM-G9860 Gray
415,Samsung,24843.0,Android,128.0,4500.0,2,6.7,Galaxy S20+,5G_SM-G9860 Gray
416,Samsung,21905.0,Android,128.0,4500.0,3,6.7,Galaxy S20+,5G_SM-G986B Black
417,Samsung,21326.0,Android,128.0,4500.0,35,6.7,Galaxy S20+,5G_SM-G986F-DS Black
418,Samsung,24160.0,Android,128.0,4500.0,87,6.7,Galaxy S20+,LTE_SM-G985 8/128GB
419,Samsung,26751.0,Android,128.0,4000.0,25,6.2,Galaxy S21,8/128GB_Phantom (SM-G991BZADSEK)
420,Samsung,28876.0,Android,256.0,4000.0,22,6.2,Galaxy S21,8/256GB_Phantom (SM-G991BZAGSEK)
421,Samsung,37630.0,Android,128.0,5000.0,28,6.8,Galaxy S21,Ultra_12/128GB Black
422,Samsung,39620.0,Android,256.0,5000.0,22,6.8,Galaxy S21,Ultra_12/256GB Black
423,Samsung,42649.0,Android,512.0,5000.0,26,6.8,Galaxy S21,Ultra_16/512GB Black
424,Samsung,31574.0,Android,128.0,4800.0,32,6.7,Galaxy S21+,8/128GB_Phantom (SM-G996BZKDSEK)
425,Samsung,33443.0,Android,256.0,4800.0,27,6.7,Galaxy S21+,8/256GB_Phantom (SM-G996BZKGSEK)
426,Samsung,5400.0,Android,32.0,3000.0,1,5.1,Galaxy S7,Pro_Max Dual
427,Samsung,7782.0,Android,32.0,3000.0,3,5.1,Galaxy S7,Pro_Max Dual
428,Samsung,7864.0,Android,64.0,3000.0,2,5.8,Galaxy S8,Pro_Max Dual
429,Samsung,7640.0,Android,64.0,3000.0,1,5.8,Galaxy S8,G950F_Single 64GB
430,Samsung,10787.0,Android,64.0,3500.0,7,6.2,Galaxy S8+,Pro_Max Dual
431,Samsung,8709.0,Android,64.0,3500.0,1,6.2,Galaxy S8+,Pro_Max Dual
432,Samsung,14990.0,Android,128.0,3000.0,1,5.8,Galaxy S9,SM-G960_DS Black
433,Samsung,14990.0,Android,128.0,3000.0,1,5.8,Galaxy S9,SM-G960_DS Black
434,Samsung,14990.0,Android,128.0,3000.0,1,5.8,Galaxy S9,SM-G960_DS Black
435,Samsung,16798.0,Android,128.0,3000.0,8,5.8,Galaxy S9,SM-G960_DS Blue
436,Samsung,16798.0,Android,128.0,3000.0,8,5.8,Galaxy S9,SM-G960_DS Blue
437,Samsung,13720.0,Android,128.0,3000.0,1,5.8,Galaxy S9,SM-G960_DS Grey
438,Samsung,13537.0,Android,128.0,3000.0,9,5.8,Galaxy S9,SM-G960_DS Purple
439,Samsung,11207.0,Android,64.0,3000.0,5,5.8,Galaxy S9,SM-G960_DS Black
440,Samsung,12869.0,Android,128.0,3000.0,1,5.8,Galaxy S9,Pro_Max Dual
441,Samsung,13550.0,Android,128.0,3500.0,1,6.2,Galaxy S9+,SM-G965_DS Black
442,Samsung,13436.0,Android,128.0,3500.0,9,6.2,Galaxy S9+,SM-G965_DS Blue
443,Samsung,13525.0,Android,128.0,3500.0,6,6.2,Galaxy S9+,SM-G965_DS Grey
444,Samsung,14502.0,Android,128.0,3500.0,2,6.2,Galaxy S9+,SM-G965_DS Purple
445,Samsung,14532.0,Android,256.0,3500.0,15,6.2,Galaxy S9+,SM-G965_DS Black
446,Samsung,13837.0,Android,64.0,3500.0,16,6.2,Galaxy S9+,SM-G965_DS Black
447,Samsung,22434.0,Android,256.0,3300.0,13,6.7,Galaxy Z,Flip_5G 8/256GB
448,Samsung,35015.0,Android,256.0,3300.0,16,6.7,Galaxy Z,Flip_SM-F700 Mirror
449,Samsung,51460.0,Android,256.0,4500.0,33,7.6,Galaxy Z,Fold2_12/256GB Black
450,LG,4189.0,Android,32.0,2700.0,1,5.2,H791 Nexus,Pro_Max Dual
451,LG,4189.0,Android,32.0,2700.0,1,5.2,H791 Nexus,Pro_Max Dual
452,LG,3299.0,Android,64.0,3200.0,1,5.7,H990 V20,Pro_Max Dual
453,LG,3299.0,Android,64.0,3200.0,1,5.7,H990 V20,Pro_Max Dual
454,myPhone,5600.0,Android,16.0,5000.0,1,5.0,Hammer Energy,Pro_Max Dual
455,Lenovo,4630.0,Android,64.0,4050.0,10,6.39,K10 Note,Pro_Max Dual
456,Lenovo,5249.0,Android,128.0,4050.0,1,6.39,K10 Note,Pro_Max Dual
457,Oukitel,5101.0,Android,64.0,10000.0,7,6.3,K12 6/64,Pro_Max Dual
458,Oukitel,5101.0,Android,64.0,10000.0,7,6.3,K12 6/64,Pro_Max Dual
459,Oukitel,5039.0,Android,64.0,11000.0,6,6.41,K13 4/64GB,Pro_Max Dual
460,Oukitel,5039.0,Android,64.0,11000.0,6,6.41,K13 4/64GB,Pro_Max Dual
461,Oukitel,5146.0,Android,64.0,11000.0,9,6.41,K13 4/64GB,Pro_Max Dual
462,Oukitel,5331.0,Android,64.0,11000.0,5,6.41,K13 Pro,Pro_Max Dual
463,Lenovo,3786.0,Android,64.0,4050.0,2,5.99,K5 Pro,Pro_Max Dual
464,Oukitel,5467.0,Android,64.0,6000.0,4,7.12,K9 4/64,Pro_Max Dual
465,BlackBerry,5674.0,Android,32.0,3505.0,2,4.5,Redmi Note,Pro_Max Dual
466,Cubot,2500.0,Android,16.0,4400.0,5,5.0,King Kong,Pro_Max Dual
467,Cubot,2500.0,Android,16.0,4400.0,5,5.0,King Kong,Pro_Max Dual
468,Cubot,2500.0,Android,16.0,4400.0,5,5.0,King Kong,Pro_Max Dual
469,Cubot,3046.0,Android,32.0,2000.0,4,4.0,Kingkong mini,Pro_Max Dual
470,Cubot,3046.0,Android,32.0,2000.0,4,4.0,Kingkong mini,Pro_Max Dual
471,Nokia,2600.0,WindowsPhone,16.0,2000.0,1,4.5,Lumia 925,Pro_Max Dual
472,Nokia,2600.0,WindowsPhone,16.0,2000.0,1,4.5,Lumia 925,Pro_Max Dual
473,Nokia,2600.0,WindowsPhone,16.0,2000.0,1,4.5,Lumia 925,Pro_Max Dual
474,Meizu,3190.0,Android,32.0,4000.0,15,6.5,M10 2/32GB,Pro_Max Dual
475,Meizu,3312.0,Android,32.0,4000.0,7,6.5,M10 2/32GB,Pro_Max Dual
476,Meizu,3325.0,Android,32.0,4000.0,33,6.5,M10 3/32GB,Pro_Max Dual
477,Meizu,3608.0,Android,32.0,4000.0,13,6.5,M10 3/32GB,Pro_Max Dual
478,AGM,2840.0,Android,8.0,2500.0,4,2.8,M5 Black,Pro_Max Dual
479,Meizu,3281.0,Android,16.0,4000.0,2,5.5,M6 Note,Pro_Max Dual
480,Meizu,2765.0,Android,16.0,3300.0,3,5.7,M6T 2/16GB,Pro_Max Dual
481,Meizu,2999.0,Android,32.0,3300.0,2,5.7,M6T 3/32GB,Pro_Max Dual
482,Meizu,3855.0,Android,64.0,3100.0,5,5.7,M8 4/64GB,Pro_Max Dual
483,Meizu,3726.0,Android,64.0,3100.0,9,5.7,M8 4/64GB,Pro_Max Dual
484,DOOGEE,3682.0,Android,64.0,4060.0,3,6.0,MIX 2,Pro_Max Dual
485,HUAWEI,13733.0,Android,128.0,4000.0,1,5.9,Mate 10,Pro_Max Dual
486,HUAWEI,14257.0,Android,256.0,4000.0,4,6.0,Mate 10,Pro_Max Dual
487,HUAWEI,13612.0,Android,64.0,4000.0,2,6.53,Mate 20,Pro_Max Dual
488,HUAWEI,13782.0,Android,256.0,4000.0,3,6.0,Mate RS,Porsche_Design Black
489,Xiaomi,11104.0,Android,128.0,4160.0,9,6.57,Mi 10,Lite_6/128GB Grey
490,Xiaomi,12456.0,Android,64.0,4160.0,1,6.57,Mi 10,Lite_6/64GB Grey
491,Xiaomi,12055.0,Android,256.0,4160.0,6,6.57,Mi 10,Lite_8/256GB White
492,Xiaomi,27999.0,Android,256.0,4500.0,1,6.67,Mi 10,Pro_Max Dual
493,Xiaomi,12778.0,Android,128.0,5000.0,49,6.67,Mi 10T,Pro_Max Dual
494,Xiaomi,13236.0,Android,128.0,5000.0,47,6.67,Mi 10T,Pro_Max Dual
495,Xiaomi,9502.0,Android,128.0,4820.0,26,6.67,Mi 10T,Lite_6/128GB Gray
496,Xiaomi,9039.0,Android,64.0,4820.0,5,6.67,Mi 10T,Lite_6/64GB Gray
497,Xiaomi,15767.0,Android,128.0,5000.0,17,6.67,Mi 10T,Pro_8/128GB Black
498,Xiaomi,16756.0,Android,256.0,5000.0,12,6.67,Mi 10T,Pro_8/256GB Black
499,Xiaomi,3989.0,Android,64.0,5300.0,1,6.44,Mi Max,Pro_Max Dual
500,Xiaomi,8999.0,Android,64.0,5260.0,1,6.47,Mi Note,10_Lite Purple
501,Xiaomi,4098.0,Android,32.0,3000.0,1,5.15,Mi5 3/32GB,Pro_Max Dual
502,Vernee,2786.0,Android,64.0,4200.0,4,6.0,Mix 2,Pro_Max Dual
503,Vernee,2865.0,Android,64.0,4200.0,4,6.0,Mix 2,Pro_Max Dual
504,General,2724.0,Android,32.0,3608.201812191104,7,5.7,Mobile GM8,Pro_Max Dual
505,Motorola,2999.0,Android,16.0,4000.0,1,5.0,Moto C,Plus_XT1723 Gold
506,Motorola,2590.0,Android,16.0,2800.0,1,5.0,Moto E4,(XT1762)_Metallic Gray
507,Motorola,4090.0,Android,32.0,5000.0,1,6.0,Moto E5,Plus_XT1924-1 Black
508,Motorola,2590.0,Android,16.0,4000.0,1,5.7,Moto E5,Pro_Max Dual
509,Motorola,2243.0,Android,16.0,2800.0,7,5.0,Moto G5,Pro_Max Dual
510,Motorola,3569.0,Android,32.0,3000.0,2,5.2,Moto G5s,(XT1794)_Lunar (PA7W0024UA)
511,Motorola,3569.0,Android,32.0,3000.0,2,5.2,Moto G5s,(XT1794)_Lunar (PA7W0024UA)
512,Motorola,3569.0,Android,64.0,3000.0,2,5.2,Moto G5s,XT1799_4/64GB (PA930008CN)
513,Motorola,3569.0,Android,64.0,3000.0,2,5.2,Moto G5s,XT1799_4/64GB (PA930008CN)
514,Motorola,3590.0,Android,32.0,4000.0,1,5.7,Moto G6,Play_XT1922-5 Sim
515,Motorola,6545.0,Android,64.0,3200.0,2,5.9,Moto G6,Plus_XT1926 Sim
516,Motorola,3494.0,Android,32.0,3000.0,2,5.7,Moto G7,Play_XT1952-2 Sim
517,Motorola,5790.0,Android,64.0,5000.0,1,6.2,Moto G7,Power_XT1955-4 Ceramic
518,Motorola,5790.0,Android,64.0,5000.0,1,6.2,Moto G7,Power_XT1955-4 Ceramic
519,Motorola,5084.0,Android,64.0,4000.0,10,6.4,Moto G8,Pro_Max Dual
520,Motorola,5084.0,Android,64.0,4000.0,10,6.4,Moto G8,Pro_Max Dual
521,Motorola,5105.0,Android,64.0,4000.0,9,6.4,Moto G8,Pro_Max Dual
522,Motorola,5105.0,Android,64.0,4000.0,9,6.4,Moto G8,Pro_Max Dual
523,Motorola,5573.0,Android,64.0,4000.0,12,6.3,Moto G8,Plus_XT2019-1 Dual
524,Motorola,5432.0,Android,128.0,5000.0,3,6.4,Moto G9,Power_4/128GB (PALR0020RS)
525,Motorola,3490.0,Android,32.0,3050.0,1,5.5,Moto M,Pro_Max Dual
526,Motorola,3490.0,Android,16.0,2300.0,1,5.2,Moto X,(2nd._Gen) 16GB
527,Motorola,5294.0,Android,32.0,3760.0,2,5.4,Moto X,Pro_Max Dual
528,Motorola,5790.0,Android,32.0,3000.0,1,5.2,Moto X4,Pro_Max Dual
529,Motorola,4990.0,Android,32.0,2600.0,1,5.5,Moto Z,Pro_Max Dual
530,Motorola,4990.0,Android,32.0,2600.0,1,5.5,Moto Z,Pro_Max Dual
531,Motorola,4990.0,Android,32.0,2600.0,1,5.5,Moto Z,Pro_Max Dual
532,Motorola,3796.0,Android,32.0,2600.0,4,5.5,Moto Z,Pro_Max Dual
533,Motorola,7094.0,Android,64.0,2730.0,2,5.5,Moto Z2,Force_6/64GB (PA900007UA)
534,Motorola,5999.0,Android,64.0,2730.0,1,5.5,Moto Z2,Force_SS Fine
535,Motorola,5244.0,Android,64.0,3000.0,2,5.5,Moto Z2,Play_Fine (SM4482AJ1K7)
536,Motorola,5244.0,Android,64.0,3000.0,2,5.5,Moto Z2,Play_Lunar (SM4482AC3K7)
537,Motorola,6590.0,Android,64.0,3000.0,2,6.01,Moto Z3,Play_4/64GB Indgo
538,Motorola,11690.0,Android,128.0,3600.0,2,6.4,Moto Z4,Pro_Max Dual
539,Motorola,11690.0,Android,128.0,3600.0,2,6.4,Moto Z4,Pro_Max Dual
540,Bravis,2599.0,Android,16.0,4500.0,1,5.5,N1-550 Cruiser,Pro_Max Dual
541,Bravis,2599.0,Android,16.0,4500.0,1,5.5,N1-550 Cruiser,Pro_Max Dual
542,DOOGEE,2299.0,Android,32.0,3360.0,1,5.84,N10 3/32GB,Pro_Max Dual
543,DOOGEE,2989.0,Android,64.0,4350.0,10,6.3,N20 4/64GB,Pro_Max Dual
544,DOOGEE,4722.0,Android,128.0,4400.0,24,6.3,N20 Pro,Pro_Max Dual
545,DOOGEE,3519.0,Android,128.0,4500.0,8,6.55,N30 4/128GB,Pro_Max Dual
546,DOOGEE,3519.0,Android,128.0,4500.0,8,6.55,N30 4/128GB,Pro_Max Dual
547,Samsung,5494.0,Android,32.0,3000.0,1,5.7,N920C Galaxy,Note_5 (Gold
548,Motorola,3895.0,Android,32.0,3220.0,1,5.3,Nexus 6,Pro_Max Dual
549,OnePlus,12985.0,Android,256.0,4115.0,25,6.44,Nord 12/256GB,Pro_Max Dual
550,OnePlus,12069.0,Android,128.0,4115.0,19,6.44,Nord 8/128GB,Pro_Max Dual
551,OnePlus,9795.0,Android,128.0,4300.0,28,6.49,Nord N10,5G_6/128GB Ice
552,OnePlus,6112.0,Android,64.0,5000.0,28,6.52,Nord N100,Pro_Max Dual
553,Cubot,3491.0,Android,128.0,4200.0,4,6.5,Note 20,Pro_Max Dual
554,Cubot,4494.0,Android,128.0,4200.0,1,6.5,Note 20,Pro_Max Dual
555,Ulefone,2999.0,Android,32.0,3500.0,17,6.1,Note 7P,Pro_Max Dual
556,Ulefone,2999.0,Android,32.0,3500.0,17,6.1,Note 7P,Pro_Max Dual
557,Ulefone,2125.0,Android,16.0,2700.0,33,5.5,Note 8P,Pro_Max Dual
558,Ulefone,2148.0,Android,16.0,2700.0,23,5.5,Note 8P,Pro_Max Dual
559,Ulefone,2148.0,Android,16.0,2700.0,23,5.5,Note 8P,Pro_Max Dual
560,Meizu,4430.0,Android,64.0,4000.0,34,6.2,Note 9,Pro_Max Dual
561,HUAWEI,9372.0,Android,128.0,3750.0,3,6.4,Nova 4,Pro_Max Dual
562,ZTE,8619.0,Android,64.0,3200.0,1,5.5,Nubia Z17,Pro_Max Dual
563,ZTE,8619.0,Android,64.0,3200.0,1,5.5,Nubia Z17,Pro_Max Dual
564,Motorola,4697.0,Android,128.0,3500.0,1,6.34,One Action,Pro_Max Dual
565,Motorola,4697.0,Android,128.0,3500.0,1,6.34,One Action,Pro_Max Dual
566,Motorola,7190.0,Android,64.0,5000.0,1,6.5,One Fusion,4/64GB_Deep Blue
567,Motorola,7071.0,Android,128.0,5000.0,15,6.5,One Fusion+,Pro_Max Dual
568,Motorola,8261.0,Android,128.0,4000.0,3,6.5,One Hyper,XT2027-1_4/128GB Sea
569,Motorola,4550.0,Android,64.0,4000.0,1,6.2,One Macro,Pro_Max Dual
570,Motorola,5290.0,Android,64.0,5000.0,1,6.2,One Power,XT1942-1_4/64GB Sim
571,Motorola,7590.0,Android,128.0,3500.0,1,6.3,One Vision,Pro_Max Dual
572,Motorola,6643.0,Android,128.0,3500.0,2,6.3,One Vision,Pro_Max Dual
573,Motorola,4490.0,Android,64.0,3000.0,1,5.9,One XT1941-4,4/64GB_Dual Black
574,Motorola,9790.0,Android,128.0,4000.0,1,6.4,One Zoom,Pro_Max Dual
575,Motorola,9790.0,Android,128.0,4000.0,1,6.4,One Zoom,Pro_Max Dual
576,HUAWEI,4681.0,Android,128.0,3400.0,18,6.21,P Smart,2020_4/128GB Green
577,HUAWEI,7199.0,Android,128.0,4000.0,4,6.59,P Smart,Pro_6/128GB Black
578,HUAWEI,5802.0,Android,128.0,4000.0,23,6.3,P Smart,S_4/128GB Crystal
579,HUAWEI,4262.0,Android,64.0,3400.0,11,6.21,P smart,2019_3/64GB (51093FSW)
580,HUAWEI,5311.0,Android,128.0,5000.0,39,6.67,P smart,2021_4/128GB Black
581,HUAWEI,4989.0,Android,64.0,4000.0,18,6.59,P smart,Z_4/64GB Green
582,HUAWEI,5380.0,Android,64.0,3340.0,1,6.3,P smart+,Pro_Max Dual
583,Cubot,3320.0,Android,64.0,4000.0,11,6.3,P30 4/64GB,Pro_Max Dual
584,HUAWEI,15464.0,Android,128.0,3650.0,17,6.1,P30 6/128GB,Pro_Max Dual
585,HUAWEI,14906.0,Android,128.0,3650.0,1,6.1,P30 8/128GB,Pro_Max Dual
586,HUAWEI,5821.0,Android,128.0,3340.0,3,6.15,P30 Lite,Pro_Max Dual
587,HUAWEI,6257.0,Android,256.0,3340.0,17,6.15,P30 Lite,Pro_Max Dual
588,HUAWEI,16997.0,Android,128.0,4200.0,14,6.47,P30 Pro,Pro_Max Dual
589,HUAWEI,16798.0,Android,128.0,4200.0,19,6.47,P30 Pro,Pro_Max Dual
590,HUAWEI,15560.0,Android,256.0,4200.0,1,6.47,P30 Pro,Pro_Max Dual
591,HUAWEI,18484.0,Android,256.0,4200.0,18,6.47,P30 Pro,NEW_EDITION Silver
592,HUAWEI,17155.0,Android,128.0,3800.0,18,6.1,P40 8/128GB,Pro_Max Dual
593,HUAWEI,23465.0,Android,256.0,4200.0,9,6.58,P40 Pro,8/256GB_Silver (51095CAL)
594,HUAWEI,31656.0,EMUI,512.0,4200.0,10,6.58,P40 Pro+,Pro_Max Dual
595,HUAWEI,31656.0,EMUI,512.0,4200.0,10,6.58,P40 Pro+,Pro_Max Dual
596,HUAWEI,6789.0,Android,128.0,4000.0,43,6.4,P40 lite,6/128GB_Crush (51095CJX)
597,HUAWEI,4243.0,Android,64.0,4000.0,54,6.39,P40 lite,E_4/64GB Black
598,Smartex,1699.0,Android,16.0,4000.0,1,5.5,P600 Black,Pro_Max Dual
599,Smartex,1699.0,Android,16.0,4000.0,1,5.5,P600 Gold,Pro_Max Dual
600,S-TELL,1799.0,Android,16.0,4000.0,1,5.5,P760 Black,Pro_Max Dual
601,HUAWEI,3487.0,Android,16.0,2680.0,1,5.2,P8 Prestige,Pro_Max Dual
602,HUAWEI,3487.0,Android,16.0,2680.0,1,5.2,P8 Prestige,Pro_Max Dual
603,Tecno,1631.0,Android,16.0,2400.0,25,5.5,POP 2F,B1F_1/16GB Black
604,Tecno,1810.0,Android,16.0,3500.0,39,5.7,POP 3,BB2_1/16GB Sandstone
605,Tecno,2236.0,Android,32.0,5000.0,11,6.0,POP 4,BC2_2/32GB Ice
606,Google,6838.0,Android,128.0,2770.0,4,5.0,Pixel 128GB,Pro_Max Dual
607,Google,13014.0,Android,128.0,2700.0,9,5.0,Pixel 2,Pro_Max Dual
608,Google,6667.0,Android,64.0,2700.0,9,5.0,Pixel 2,Pro_Max Dual
609,Google,12909.0,Android,64.0,3520.0,8,6.0,Pixel 2,XL_64GB Black
610,Google,13500.0,Android,128.0,2915.0,1,5.5,Pixel 3,Pro_Max Dual
611,Google,10274.0,Android,64.0,2915.0,14,5.5,Pixel 3,Pro_Max Dual
612,Google,11238.0,Android,64.0,3430.0,29,6.3,Pixel 3,XL_4/64GB Black
613,Google,4729.0,Android,32.0,2770.0,2,5.0,Pixel 32GB,Pro_Max Dual
614,Google,10071.0,Android,64.0,3000.0,26,5.6,Pixel 3a,Pro_Max Dual
615,Google,11774.0,Android,64.0,3700.0,9,6.0,Pixel 3a,XL_4/64GB Black
616,Google,17187.0,Android,64.0,2800.0,21,5.7,Pixel 4,Pro_Max Dual
617,Google,25548.0,Android,128.0,3700.0,6,6.3,Pixel 4,XL_6/128GB Black
618,Google,19369.0,Android,64.0,3700.0,4,6.3,Pixel 4,XL_6/64GB So
619,Google,15706.0,Android,128.0,3885.0,33,6.24,Pixel 4a,5G_6/128GB Black
620,Google,12106.0,Android,128.0,3140.0,37,5.81,Pixel 4a,Pro_Max Dual
621,Google,21879.0,Android,128.0,4080.0,36,6.0,Pixel 5,Pro_Max Dual
622,Google,5899.0,Android,128.0,3450.0,1,5.5,Pixel XL,Pro_Max Dual
623,Google,5899.0,Android,128.0,3450.0,1,5.5,Pixel XL,Pro_Max Dual
624,Xiaomi,12999.0,Android,128.0,4700.0,1,6.67,Poco F2,Pro_6/128GB Purple
625,Xiaomi,5372.0,Android,128.0,6000.0,41,6.53,Poco M3,Pro_Max Dual
626,Xiaomi,4708.0,Android,64.0,6000.0,34,6.53,Poco M3,Pro_Max Dual
627,Xiaomi,7152.0,Android,128.0,5160.0,59,6.67,Poco X3,NFC_6/128GB Blue
628,Xiaomi,6488.0,Android,64.0,5160.0,57,6.67,Poco X3,NFC_6/64GB Blue
629,Xiaomi,7231.0,Android,128.0,4000.0,16,6.18,Pocophone F1,Pro_Max Dual
630,Tecno,2314.0,Android,16.0,5000.0,18,6.52,Pop 4,Pro_BC3 Cosmic
631,Ulefone,4204.0,Android,64.0,6350.0,23,6.3,Power 6,Pro_Max Dual
632,Ulefone,4335.0,Android,64.0,6350.0,12,6.3,Power 6,Pro_Max Dual
633,Ulefone,4211.0,Android,64.0,6350.0,16,6.3,Power 6,Pro_Max Dual
634,Ulefone,4211.0,Android,64.0,6350.0,16,6.3,Power 6,Pro_Max Dual
635,realme,5957.0,Android,64.0,4035.0,1,6.3,Q 6/64GB,Pro_Max Dual
636,Cubot,4099.0,Android,64.0,4000.0,1,5.5,Quest 4/64GB,Pro_Max Dual
637,Motorola,22713.0,Android,128.0,2510.0,3,6.4,RAZR 2019,Pro_Max Dual
638,Motorola,22760.0,Android,128.0,2510.0,19,6.2,RAZR 2019,Pro_Max Dual
639,ASUS,18618.0,Android,128.0,6000.0,5,6.59,ROG Phone,3_Strix Black
640,ASUS,18993.0,Android,128.0,6000.0,7,6.59,ROG Phone,3_ZS661KS Black
641,ASUS,21964.0,Android,256.0,6000.0,5,6.59,ROG Phone,3_ZS661KS Black
642,ASUS,28384.0,Android,512.0,6000.0,11,6.59,ROG Phone,3_ZS661KS Black
643,ASUS,17510.0,Android,512.0,4000.0,1,6.0,ROG Phone,Pro_Max Dual
644,ASUS,17510.0,Android,512.0,4000.0,1,6.0,ROG Phone,Pro_Max Dual
645,ASUS,17510.0,Android,512.0,4000.0,1,6.0,ROG Phone,Pro_Max Dual
646,Xiaomi,5133.0,Android,128.0,5020.0,10,6.53,Redmi 10x,Pro_Max Dual
647,Xiaomi,5761.0,Android,128.0,5020.0,7,6.53,Redmi 10x,Pro_Max Dual
648,Xiaomi,2358.0,Android,16.0,4100.0,2,5.0,Redmi 4x,Pro_Max Dual
649,Xiaomi,2358.0,Android,16.0,4100.0,2,5.0,Redmi 4x,Pro_Max Dual
650,Xiaomi,2826.0,Android,64.0,4100.0,4,5.0,Redmi 4x,Pro_Max Dual
651,Xiaomi,2826.0,Android,64.0,4100.0,4,5.0,Redmi 4x,Pro_Max Dual
652,Xiaomi,2950.0,Android,32.0,3300.0,1,5.7,Redmi 5,Pro_Max Dual
653,Xiaomi,3882.0,Android,32.0,3300.0,4,5.7,Redmi 5,Pro_Max Dual
654,Xiaomi,3463.0,Android,64.0,4000.0,2,5.9,Redmi 5,Pro_Max Dual
655,Xiaomi,4265.0,Android,64.0,4000.0,4,5.9,Redmi 5,Pro_Max Dual
656,Xiaomi,2420.0,Android,16.0,3080.0,2,5.0,Redmi 5A,Pro_Max Dual
657,Xiaomi,2400.0,Android,32.0,3080.0,2,5.0,Redmi 5A,Pro_Max Dual
658,Xiaomi,2749.0,Android,32.0,3080.0,3,5.0,Redmi 5A,Pro_Max Dual
659,Xiaomi,2749.0,Android,32.0,3080.0,3,5.0,Redmi 5A,Pro_Max Dual
660,Xiaomi,2794.0,Android,32.0,3000.0,5,5.45,Redmi 6,Pro_Max Dual
661,Xiaomi,2794.0,Android,32.0,3000.0,5,5.45,Redmi 6,Pro_Max Dual
662,Xiaomi,3054.0,Android,64.0,3000.0,1,5.45,Redmi 6,Pro_Max Dual
663,Xiaomi,3193.0,Android,64.0,3000.0,2,5.45,Redmi 6,Pro_Max Dual
664,Xiaomi,3193.0,Android,64.0,3000.0,2,5.45,Redmi 6,Pro_Max Dual
665,Xiaomi,3480.0,Android,64.0,3000.0,5,5.45,Redmi 6,Pro_Max Dual
666,Xiaomi,3317.0,Android,32.0,4000.0,2,5.84,Redmi 6,Pro_Max Dual
667,Xiaomi,3627.0,Android,64.0,4000.0,3,5.84,Redmi 6,Pro_Max Dual
668,Xiaomi,3671.0,Android,64.0,4000.0,4,6.26,Redmi 7,Pro_Max Dual
669,Xiaomi,3671.0,Android,64.0,4000.0,4,6.26,Redmi 7,Pro_Max Dual
670,Xiaomi,3248.0,Android,16.0,4000.0,1,5.45,Redmi 7a,Pro_Max Dual
671,Xiaomi,3468.0,Android,32.0,4000.0,6,5.45,Redmi 7a,Pro_Max Dual
672,Xiaomi,3559.0,Android,32.0,5000.0,3,6.22,Redmi 8,Pro_Max Dual
673,Xiaomi,3840.0,Android,64.0,5000.0,31,6.22,Redmi 8,Pro_Max Dual
674,Xiaomi,3219.0,Android,32.0,5000.0,1,6.22,Redmi 8A,Pro_Max Dual
675,Xiaomi,3503.0,Android,64.0,5000.0,28,6.22,Redmi 8A,Pro_Max Dual
676,Xiaomi,4047.0,Android,32.0,5020.0,69,6.53,Redmi 9,Pro_Max Dual
677,Xiaomi,4099.0,Android,32.0,5020.0,11,6.53,Redmi 9,3/32GB_Purple NFC
678,Xiaomi,4960.0,Android,128.0,5020.0,8,6.53,Redmi 9,4/128GB_Blue NFC)
679,Xiaomi,4960.0,Android,128.0,5020.0,8,6.53,Redmi 9,4/128GB_Blue NFC)
680,Xiaomi,4822.0,Android,128.0,5020.0,3,6.53,Redmi 9,4/128GB_Green NFC)
681,Xiaomi,4822.0,Android,128.0,5020.0,3,6.53,Redmi 9,4/128GB_Green NFC)
682,Xiaomi,4861.0,Android,128.0,5020.0,14,6.53,Redmi 9,4/128GB_Grey NFC)
683,Xiaomi,4846.0,Android,128.0,5020.0,14,6.53,Redmi 9,4/128GB_Pink NFC)
684,Xiaomi,4492.0,Android,64.0,5020.0,47,6.53,Redmi 9,Pro_Max Dual
685,Xiaomi,4316.0,Android,64.0,5020.0,8,6.53,Redmi 9,4/64Gb_Pink NFC)
686,Xiaomi,5179.0,Android,128.0,5020.0,13,6.53,Redmi 9,6/128GB_Grey NFC)
687,Xiaomi,3163.0,Android,32.0,5000.0,62,6.53,Redmi 9A,Pro_Max Dual
688,Xiaomi,3490.0,Android,32.0,5000.0,36,6.53,Redmi 9C,Pro_Max Dual
689,Xiaomi,3778.0,Android,64.0,5000.0,10,6.53,Redmi 9C,Pro_Max Dual
690,Xiaomi,3484.0,Android,32.0,5000.0,29,6.53,Redmi 9C,NFC_2/32GB Gray
691,Xiaomi,4256.0,Android,64.0,5000.0,3,6.53,Redmi 9C,NFC_3/64GB Gray
692,Xiaomi,6064.0,Android,128.0,6000.0,10,6.53,Redmi 9T,Pro_Max Dual
693,Xiaomi,5495.0,Android,64.0,6000.0,2,6.53,Redmi 9T,Pro_Max Dual
694,Xiaomi,8000.0,Android,128.0,4500.0,3,6.67,Redmi K30,Pro_Max Dual
695,Xiaomi,7725.0,Android,128.0,4500.0,16,6.67,Redmi K30,Pro_Max Dual
696,Xiaomi,8577.0,Android,256.0,4500.0,7,6.67,Redmi K30,Pro_Max Dual
697,Xiaomi,14108.0,Android,128.0,4700.0,1,6.67,Redmi K30,Pro_Max Dual
698,Xiaomi,2819.0,Android,32.0,4100.0,1,5.5,Redmi Note,Pro_Max Dual
699,Xiaomi,2931.0,Android,64.0,4100.0,1,5.5,Redmi Note,Pro_Max Dual
700,Xiaomi,2931.0,Android,64.0,4100.0,1,5.5,Redmi Note,Pro_Max Dual
701,Xiaomi,2675.0,Android,32.0,4100.0,4,5.5,Redmi Note,Pro_Max Dual
702,Xiaomi,2809.0,Android,64.0,4100.0,2,5.5,Redmi Note,Pro_Max Dual
703,Xiaomi,2809.0,Android,64.0,4100.0,2,5.5,Redmi Note,Pro_Max Dual
704,Xiaomi,3320.0,Android,32.0,4000.0,2,5.9,Redmi Note,Pro_Max Dual
705,Xiaomi,3671.0,Android,32.0,4000.0,4,5.9,Redmi Note,Pro_Max Dual
706,Xiaomi,3595.0,Android,32.0,4000.0,4,5.9,Redmi Note,5_3/32GB Gold
707,Xiaomi,3451.0,Android,64.0,4000.0,5,5.99,Redmi Note,Pro_Max Dual
708,Xiaomi,3599.0,Android,32.0,4000.0,1,6.26,Redmi Note,6_Pro Blue
709,Xiaomi,5010.0,Android,64.0,4000.0,2,6.26,Redmi Note,6_Pro Blue
710,Xiaomi,5010.0,Android,64.0,4000.0,2,6.26,Redmi Note,6_Pro Rose
711,Xiaomi,4323.0,Android,64.0,4000.0,3,6.3,Redmi Note,Pro_Max Dual
712,Xiaomi,4304.0,Android,32.0,4000.0,2,6.3,Redmi Note,Pro_Max Dual
713,Xiaomi,5261.0,Android,128.0,4000.0,8,6.3,Redmi Note,Pro_Max Dual
714,Xiaomi,4888.0,Android,64.0,4000.0,11,6.3,Redmi Note,Pro_Max Dual
715,Xiaomi,5514.0,Android,128.0,4000.0,7,6.3,Redmi Note,Pro_Max Dual
716,Xiaomi,5164.0,Android,64.0,4000.0,2,6.3,Redmi Note,Pro_Max Dual
717,Xiaomi,6811.0,Android,128.0,4500.0,31,6.53,Redmi Note,8_Pro Green
718,Xiaomi,6164.0,Android,64.0,4500.0,39,6.53,Redmi Note,8_Pro Green
719,Xiaomi,6630.0,Android,128.0,4500.0,1,6.53,Redmi Note,8_Pro White
720,Xiaomi,6600.0,Android,32.0,4000.0,1,6.3,Redmi Note,Pro_Max Dual
721,Xiaomi,4899.0,Android,64.0,4000.0,1,6.3,Redmi Note,Pro_Max Dual
722,Xiaomi,4834.0,Android,64.0,5020.0,2,6.53,Redmi Note,9_3/64GB (no
723,Xiaomi,5085.0,Android,64.0,5020.0,45,6.53,Redmi Note,9_3/64GB NFC
724,Xiaomi,5648.0,Android,128.0,5020.0,49,6.53,Redmi Note,9_4/128GB NFC
725,Xiaomi,5210.0,Android,128.0,5020.0,5,6.53,Redmi Note,9_4/128GB (no
726,Xiaomi,7014.0,Android,64.0,5020.0,2,6.67,Redmi Note,9_Pro Interstellar
727,Xiaomi,7427.0,Android,128.0,5020.0,99,6.67,Redmi Note,9_Pro Grey
728,Xiaomi,6820.0,Android,64.0,5020.0,102,6.67,Redmi Note,9_Pro Green
729,Xiaomi,5754.0,Android,64.0,5020.0,30,6.67,Redmi Note,Pro_Max Dual
730,Xiaomi,6576.0,Android,128.0,5020.0,16,6.67,Redmi Note,Pro_Max Dual
731,Xiaomi,8442.0,Android,128.0,5000.0,6,6.53,Redmi Note,9T_4/128GB Black
732,Xiaomi,7682.0,Android,64.0,5000.0,10,6.53,Redmi Note,9T_4/64GB Purple
733,OPPO,10221.0,Android,128.0,4025.0,57,6.43,Reno 4,Lite_8/128GB Blue
734,OPPO,15361.0,Android,256.0,4000.0,54,6.5,Reno 4,Pro_8/256GB Night
735,OPPO,10341.0,Android,256.0,3765.0,11,6.4,Reno 6/256GB,Pro_Max Dual
736,OPPO,12535.0,Android,256.0,4000.0,20,6.5,Reno2 8/256GB,Pro_Max Dual
737,OPPO,8450.0,Android,128.0,4000.0,20,6.5,Reno2 Z,Pro_Max Dual
738,OPPO,10974.0,Android,128.0,4000.0,9,6.57,Reno4 Z,Pro_Max Dual
739,Ulefone,1697.0,Android,8.0,3000.0,3,5.5,S1 1/8GB,Pro_Max Dual
740,Ulefone,1697.0,Android,8.0,3000.0,3,5.5,S1 1/8GB,Pro_Max Dual
741,Bluboo,3032.0,Android,64.0,3500.0,2,5.5,S1 Black,Pro_Max Dual
742,Philips,1499.0,Android,8.0,2000.0,1,5.45,S260 Black,Pro_Max Dual
743,CAT,6718.0,Android,16.0,4000.0,12,4.7,S31 Black,Pro_Max Dual
744,DOOGEE,2939.0,Android,32.0,4650.0,20,5.5,S40 3/32GB,Pro_Max Dual
745,DOOGEE,2707.0,Android,16.0,4650.0,17,5.5,S40 Lite,Pro_Max Dual
746,DOOGEE,2707.0,Android,16.0,4650.0,17,5.5,S40 Lite,Pro_Max Dual
747,DOOGEE,2707.0,Android,16.0,4650.0,17,5.5,S40 Lite,Pro_Max Dual
748,DOOGEE,3590.0,Android,64.0,4650.0,10,5.45,S40 Pro,Pro_Max Dual
749,DOOGEE,3590.0,Android,64.0,4650.0,10,5.45,S40 Pro,Pro_Max Dual
750,CAT,9148.0,Android,32.0,4200.0,12,5.5,S42 Dual,Pro_Max Dual
751,Lenovo,3245.0,Android,64.0,3000.0,2,5.7,S5 4/64GB,Pro_Max Dual
752,Lenovo,4183.0,Android,64.0,3500.0,2,6.2,S5 Pro,Pro_Max Dual
753,Lenovo,3849.0,Android,64.0,3500.0,1,6.2,S5 Pro,Pro_Max Dual
754,Lenovo,3957.0,Android,64.0,3500.0,5,6.2,S5 Pro,Pro_Max Dual
755,CAT,13259.0,Android,64.0,3100.0,39,5.65,Redmi Note,Pro_Max Dual
756,DOOGEE,3527.0,Android,64.0,5500.0,8,5.5,S55 4/64GB,Pro_Max Dual
757,Philips,2872.0,Android,32.0,4000.0,17,5.45,S561 3/32GB,Pro_Max Dual
758,DOOGEE,4998.0,Android,64.0,5180.0,22,5.71,S58 Pro,Pro_Max Dual
759,CAT,10977.0,Android,32.0,3800.0,31,4.7,Redmi Note,Pro_Max Dual
760,DOOGEE,3789.0,Android,32.0,5580.0,7,5.2,S60 Lite,Pro_Max Dual
761,DOOGEE,3789.0,Android,32.0,5580.0,7,5.2,S60 Lite,Pro_Max Dual
762,CAT,25649.0,Android,64.0,4500.0,53,5.2,S61 Black,Pro_Max Dual
763,CAT,19229.0,Android,128.0,4000.0,21,5.7,S62 Pro,Pro_Max Dual
764,DOOGEE,6680.0,Android,128.0,6300.0,36,5.9,S68 Pro,Pro_Max Dual
765,DOOGEE,6514.0,Android,128.0,10000.0,13,6.3,S88 Pro,Pro_Max Dual
766,DOOGEE,5612.0,Android,128.0,5050.0,6,6.18,S90C 4/128GB,Pro_Max Dual
767,DOOGEE,5299.0,Android,64.0,5050.0,1,6.18,S90C 4/64GB,Pro_Max Dual
768,DOOGEE,5299.0,Android,64.0,5050.0,1,6.18,S90C 4/64GB,Pro_Max Dual
769,DOOGEE,5299.0,Android,64.0,5050.0,1,6.18,S90C 4/64GB,Pro_Max Dual
770,DOOGEE,8071.0,Android,64.0,5050.0,6,6.18,S90C 4/64GB,Pro_Max Dual
771,DOOGEE,8904.0,Android,128.0,5150.0,13,6.3,S95 Pro,Pro_Max Dual
772,DOOGEE,9430.0,Android,256.0,5150.0,7,6.3,S95 Pro,Pro_Max Dual
773,DOOGEE,7791.0,Android,128.0,6350.0,8,6.22,S96 Pro,Pro_Max Dual
774,DOOGEE,7842.0,Android,128.0,6350.0,5,6.22,S96 Pro,Pro_Max Dual
775,DOOGEE,7903.0,Android,128.0,6350.0,4,6.22,S96 Pro,Pro_Max Dual
776,Archos,1799.0,Android,16.0,3000.0,1,5.5,Sense 55DC,Pro_Max Dual
777,Archos,2299.0,Android,16.0,3000.0,5,5.5,Sense 55DC,Pro_Max Dual
778,Archos,2299.0,Android,16.0,3000.0,5,5.5,Sense 55DC,Pro_Max Dual
779,Archos,2299.0,Android,16.0,3000.0,5,5.5,Sense 55DC,Pro_Max Dual
780,Archos,2775.0,Android,16.0,3000.0,8,5.5,Sense 55S,Pro_Max Dual
781,Assistant,1599.0,Android,16.0,2000.0,1,5.0,Shine AS-5435,Pro_Max Dual
782,Vodafone,2142.0,Android,16.0,2960.0,2,5.5,Smart Ultra,Pro_Max Dual
783,Tecno,2999.0,Android,32.0,4000.0,3,6.52,Spark 4,KC2_3/32GB Purple
784,Tecno,2321.0,Android,32.0,4000.0,6,6.52,Spark 4,Lite_2/32GB Black
785,Tecno,3762.0,Android,128.0,5000.0,49,6.6,Spark 5,Pro_KD7 DS
786,Tecno,3583.0,Android,64.0,5000.0,51,6.6,Spark 5,Pro_KD7 DS
787,Tecno,2769.0,Android,32.0,5000.0,38,6.52,Spark 6,Go_KE5 Aqua
788,Tecno,3193.0,Android,64.0,5000.0,34,6.52,Spark 6,Go_KE5j Aqua
789,Tecno,4129.0,Android,128.0,5000.0,45,6.8,Spark 6,KE7_4/128GB Black
790,Tecno,3750.0,Android,64.0,5000.0,44,6.8,Spark 6,KE7_4/64GB Blue
791,Microsoft,44232.0,Android,256.0,3577.0,5,8.1,Surface Duo,Pro_Max Dual
792,Vernee,1949.0,Android,16.0,4080.0,1,5.5,T3 Pro,Pro_Max Dual
793,Vernee,1949.0,Android,16.0,4080.0,1,5.5,T3 Pro,Pro_Max Dual
794,Elephone,5095.0,Android,128.0,3620.0,3,5.99,U 6/128GB,Pro_Max Dual
795,HTC,5649.0,Android,64.0,3000.0,2,5.5,U11 4/64GB,Pro_Max Dual
796,HTC,5899.0,Android,64.0,3000.0,1,5.5,U11 4/64GB,Pro_Max Dual
797,HTC,19649.0,Android,256.0,5000.0,10,6.8,U20 5G,Pro_Max Dual
798,Elephone,6615.0,Android,256.0,3500.0,3,6.53,U3H 8/256GB,Pro_Max Dual
799,Elephone,6615.0,Android,256.0,3500.0,3,6.53,U3H 8/256GB,Pro_Max Dual
800,Honor,6980.0,Android,128.0,3750.0,1,5.9,V10 6/128GB,Pro_Max Dual
801,vivo,11632.0,Android,128.0,4000.0,26,6.44,V20 8/128GB,Pro_Max Dual
802,vivo,11360.0,Android,128.0,4000.0,9,6.44,V20 8/128GB,Pro_Max Dual
803,vivo,8762.0,Android,128.0,4100.0,9,6.44,V20 SE,Pro_Max Dual
804,LG,6874.0,Android,128.0,3300.0,2,6.4,V40 ThinQ,Pro_Max Dual
805,LG,9798.0,Android,128.0,4000.0,3,6.4,V50 ThinQ,5G_6/128GB Sim
806,LG,10499.0,Android,256.0,4000.0,2,6.4,V50S ThinQ,5G_8/256GB Black
807,Honor,6186.0,Android,64.0,4000.0,2,5.7,V9 6/64GB,Pro_Max Dual
808,Honor,6186.0,Android,64.0,4000.0,2,5.7,V9 6/64GB,Pro_Max Dual
809,LG,15525.0,Android,128.0,4300.0,7,6.8,Velvet 5G,LM-G900EM_6/128GB Gray
810,Oukitel,3404.0,Android,64.0,5000.0,2,5.5,WP1 4/64GB,Pro_Max Dual
811,Oukitel,4449.0,Android,64.0,10000.0,7,6.0,WP2 4/64GB,Pro_Max Dual
812,Oukitel,4433.0,Android,64.0,10000.0,3,6.0,WP2 4/64GB,Pro_Max Dual
813,Oukitel,3149.0,Android,32.0,8000.0,3,5.5,WP5 3/32GB,Pro_Max Dual
814,Oukitel,3813.0,Android,64.0,8000.0,14,5.5,WP5 Pro,Pro_Max Dual
815,Oukitel,5231.0,Android,128.0,10000.0,13,6.3,WP6 4/128GB,Pro_Max Dual
816,Oukitel,6628.0,Android,128.0,10000.0,16,6.3,WP6 6/128GB,Pro_Max Dual
817,Oukitel,9981.0,Android,128.0,8000.0,21,6.53,WP7 8/128GB,Pro_Max Dual
818,Oukitel,4897.0,Android,64.0,5000.0,11,6.49,WP8 Pro,Pro_Max Dual
819,Vernee,2823.0,Android,64.0,6200.0,2,6.0,X 4/64GB,Pro_Max Dual
820,Samsung,7130.0,Android,32.0,2800.0,33,5.0,X Cover,Pro_Max Dual
821,LG,2749.0,Android,16.0,2300.0,2,4.93,X Screen,16GB_Single White
822,Sigma mobile,9323.0,Android,128.0,9000.0,37,5.5,X-TREME PQ39,Pro_Max Dual
823,Sigma mobile,9348.0,Android,128.0,9000.0,23,5.5,X-TREME PQ39,Pro_Max Dual
824,Sigma mobile,6883.0,Android,64.0,6500.0,27,5.7,X-TREME PQ54,Pro_Max Dual
825,Sigma mobile,1036.0,KAIOS,4.0,2000.0,42,2.4,X-style S3500,Pro_Max Dual
826,Sigma mobile,2552.0,Android,8.0,5000.0,42,5.0,X-treme PQ20,Pro_Max Dual
827,Sigma mobile,2546.0,Android,8.0,5000.0,39,5.0,X-treme PQ20,Pro_Max Dual
828,Sigma mobile,2546.0,Android,8.0,5000.0,39,5.0,X-treme PQ20,Pro_Max Dual
829,Sigma mobile,2999.0,Android,8.0,5000.0,1,5.0,X-treme PQ24,Pro_Max Dual
830,Sigma mobile,2999.0,Android,8.0,5000.0,1,5.0,X-treme PQ24,Pro_Max Dual
831,Sigma mobile,4175.0,Android,16.0,5000.0,27,5.0,X-treme PQ29,Pro_Max Dual
832,Sigma mobile,4074.0,Android,16.0,5000.0,25,5.0,X-treme PQ29,Pro_Max Dual
833,Sigma mobile,4074.0,Android,16.0,5000.0,25,5.0,X-treme PQ29,Pro_Max Dual
834,Sigma mobile,4606.0,Android,32.0,5000.0,8,5.45,X-treme PQ36,Pro_Max Dual
835,Sigma mobile,4671.0,Android,32.0,5000.0,8,5.45,X-treme PQ36,Pro_Max Dual
836,Sigma mobile,7399.0,Android,32.0,9000.0,1,5.5,X-treme PQ39,Pro_Max Dual
837,Sigma mobile,3999.0,Android,32.0,3000.0,2,5.0,X-treme PQ52,Pro_Max Dual
838,Sigma mobile,4983.0,Android,16.0,5000.0,38,5.7,X-treme PQ53,Pro_Max Dual
839,Sigma mobile,6603.0,Android,32.0,6500.0,3,5.7,X-treme PQ54,Pro_Max Dual
840,Cubot,3016.0,Android,64.0,4000.0,3,5.93,X19 4/64GB,Pro_Max Dual
841,realme,10999.0,Android,128.0,4000.0,1,6.5,X2 Pro,Pro_Max Dual
842,Cubot,4265.0,Android,128.0,4000.0,4,6.3,X20 Pro,Pro_Max Dual
843,AGM,11278.0,Android,64.0,4100.0,7,5.99,X3 6/64GB,Pro_Max Dual
844,AGM,15048.0,Android,64.0,4100.0,1,5.99,X3 8/64GB,Pro_Max Dual
845,AGM,15048.0,Android,64.0,4100.0,1,5.99,X3 8/64GB,Pro_Max Dual
846,realme,9049.0,Android,128.0,4200.0,2,6.57,X50 5G,Pro_Max Dual
847,vivo,15507.0,Android,128.0,4315.0,24,6.56,X50 8/128GB,Pro_Max Dual
848,vivo,15505.0,Android,128.0,4315.0,25,6.56,X50 8/128GB,Pro_Max Dual
849,realme,14659.0,Android,128.0,4200.0,1,6.44,X50 Pro,Pro_Max Dual
850,realme,14785.0,Android,256.0,4200.0,7,6.44,X50 Pro,5G_8/256GB Red
851,vivo,24519.0,Android,256.0,4315.0,14,6.56,X50 Pro,Pro_Max Dual
852,DOOGEE,2200.0,Android,16.0,3300.0,2,5.5,X60L Matte,Pro_Max Dual
853,Nokia,7515.0,Android,128.0,3500.0,4,6.18,X7 Dual,Pro_Max Dual
854,Nokia,6916.0,Android,64.0,3500.0,6,6.18,X7 Dual,Pro_Max Dual
855,DOOGEE,1844.0,Android,16.0,3400.0,7,6.1,X90 1/16GB,Pro_Max Dual
856,DOOGEE,1967.0,Android,16.0,3400.0,4,6.1,X90 1/16GB,Pro_Max Dual
857,DOOGEE,1949.0,Android,16.0,3400.0,11,6.1,X90 1/16GB,Pro_Max Dual
858,DOOGEE,1949.0,Android,16.0,3400.0,11,6.1,X90 1/16GB,Pro_Max Dual
859,DOOGEE,2399.0,Android,16.0,3400.0,1,6.1,X90L 3/16GB,Pro_Max Dual
860,DOOGEE,2399.0,Android,16.0,3400.0,1,6.1,X90L 3/16GB,Pro_Max Dual
861,DOOGEE,2399.0,Android,16.0,3400.0,1,6.1,X90L 3/16GB,Pro_Max Dual
862,DOOGEE,2494.0,Android,16.0,4350.0,19,6.52,X95 2/16GB,Pro_Max Dual
863,DOOGEE,2517.0,Android,16.0,4350.0,28,6.52,X95 2/16GB,Pro_Max Dual
864,DOOGEE,2517.0,Android,16.0,4350.0,28,6.52,X95 2/16GB,Pro_Max Dual
865,Sony,29990.0,Android,256.0,4000.0,1,6.5,Xperia 1,II_XQ-AT51 Black
866,Sony,29990.0,Android,256.0,4000.0,1,6.5,Xperia 1,II_XQ-AT51 Black
867,Sony,34165.0,Android,256.0,4000.0,18,6.5,Xperia 1,II_XQ-AT52 Mirror
868,Sony,31426.0,Android,256.0,4000.0,20,6.5,Xperia 1,II_XQ-AT52 Purple
869,Sony,18063.0,Android,128.0,3330.0,21,6.5,Xperia 1,Pro_Max Dual
870,Sony,5599.0,Android,64.0,2870.0,1,6.0,Xperia 10,Pro_Max Dual
871,Sony,10887.0,Android,128.0,3600.0,15,6.0,Xperia 10,Pro_Max Dual
872,Sony,29990.0,Android,128.0,4000.0,1,6.1,Xperia 5,Pro_Max Dual
873,Sony,29927.0,Android,256.0,4000.0,18,6.1,Xperia 5,Pro_Max Dual
874,Sony,17475.0,Android,128.0,3140.0,21,6.1,Xperia 5,Pro_Max Dual
875,Sony,8999.0,Android,16.0,2930.0,1,6.0,Xperia C5,Ultra_Dual (Black)
876,Sony,3399.0,Android,32.0,2300.0,1,5.0,Xperia XA1,Pro_Max Dual
877,Sony,3399.0,Android,32.0,2300.0,1,5.0,Xperia XA1,Pro_Max Dual
878,Sony,5749.0,Android,64.0,2900.0,1,5.2,Xperia XZ,Pro_Max Dual
879,Sony,5199.0,Android,64.0,2900.0,1,5.2,Xperia XZ,Pro_Max Dual
880,Sony,5199.0,Android,64.0,2900.0,1,5.2,Xperia XZ,Pro_Max Dual
881,Sony,5199.0,Android,64.0,2900.0,1,5.2,Xperia XZ,Pro_Max Dual
882,Sony,2070.0,Android,16.0,2330.0,1,5.0,Xperia Z,Pro_Max Dual
883,Sony,5244.0,Android,32.0,2900.0,5,5.2,Xperia Z5,Pro_Max Dual
884,Sony,4560.0,Android,32.0,3430.0,1,5.5,Xperia Z5,Pro_Max Dual
885,LEAGOO,2684.0,Android,16.0,5000.0,2,5.72,Xrover C,Pro_Max Dual
886,vivo,3497.0,Android,32.0,5000.0,1,6.35,Y11 3/32GB,Pro_Max Dual
887,vivo,4249.0,Android,64.0,5000.0,16,6.35,Y15 4/64GB,Pro_Max Dual
888,vivo,4249.0,Android,64.0,5000.0,16,6.35,Y15 4/64GB,Pro_Max Dual
889,vivo,4356.0,Android,64.0,5000.0,6,6.35,Y15 4/64GB,Pro_Max Dual
890,vivo,4998.0,Android,128.0,5000.0,2,6.53,Y19 4/128GB,Pro_Max Dual
891,vivo,3117.0,Android,32.0,4030.0,43,6.22,Y1S 2/32GB,Pro_Max Dual
892,vivo,3080.0,Android,32.0,4030.0,47,6.22,Y1S 2/32GB,Pro_Max Dual
893,vivo,4732.0,Android,64.0,5000.0,40,6.51,Y20 4/64GB,Pro_Max Dual
894,vivo,4752.0,Android,64.0,5000.0,36,6.51,Y20 4/64GB,Pro_Max Dual
895,vivo,4481.0,Android,64.0,5000.0,7,6.47,Y30 4/64GB,Pro_Max Dual
896,vivo,4467.0,Android,64.0,5000.0,8,6.47,Y30 4/64GB,Pro_Max Dual
897,HUAWEI,2742.0,Android,16.0,3020.0,9,5.71,Y5 2019,Pro_Max Dual
898,HUAWEI,2742.0,Android,16.0,3020.0,9,5.71,Y5 2019,Pro_Max Dual
899,HUAWEI,2768.0,Android,16.0,3020.0,12,5.71,Y5 2019,Pro_Max Dual
900,HUAWEI,2598.0,Android,32.0,3020.0,10,5.45,Y5p 2/32GB,Pro_Max Dual
901,HUAWEI,3195.0,Android,32.0,3020.0,3,6.09,Y6 2019,DS_Amber (51093PMR)
902,HUAWEI,3195.0,Android,32.0,3020.0,3,6.09,Y6 2019,DS_Amber (51093PMR)
903,HUAWEI,3121.0,Android,32.0,3020.0,5,6.09,Y6 2019,Pro_Max Dual
904,HUAWEI,3121.0,Android,32.0,3020.0,5,6.09,Y6 2019,Pro_Max Dual
905,HUAWEI,2974.0,Android,32.0,3020.0,8,6.09,Y6 2019,DS_Midnight (51093PMP)
906,HUAWEI,3869.0,Android,32.0,3000.0,1,5.7,Y6 Prime,2018_3/32GB (51092MFF)
907,HUAWEI,3869.0,Android,32.0,3000.0,1,5.7,Y6 Prime,2018_3/32GB (51092MFF)
908,HUAWEI,2687.0,Android,16.0,4000.0,2,5.0,Y6 Pro,Pro_Max Dual
909,HUAWEI,3812.0,Android,64.0,5000.0,44,6.3,Y6p 3/64GB,Pro_Max Dual
910,HUAWEI,3516.0,Android,32.0,3020.0,5,6.09,Y6s 3/32GB,Pro_Max Dual
911,HUAWEI,3516.0,Android,32.0,3020.0,5,6.09,Y6s 3/32GB,Pro_Max Dual
912,HUAWEI,3496.0,Android,32.0,3020.0,5,6.09,Y6s 3/32GB,Pro_Max Dual
913,HUAWEI,3702.0,Android,32.0,4000.0,3,6.26,Y7 2019,3/32GB_Coral (51093HEW)
914,HUAWEI,3702.0,Android,32.0,4000.0,3,6.26,Y7 2019,3/32GB_Coral (51093HEW)
915,HUAWEI,4190.0,Android,32.0,3000.0,1,5.99,Y7 Prime,2018_3/32GB (51092JHA)
916,DOOGEE,3199.0,Android,64.0,4350.0,1,6.3,Y9 Plus,Pro_Max Dual
917,DOOGEE,3199.0,Android,64.0,4350.0,1,6.3,Y9 Plus,Pro_Max Dual
918,ASUS,3145.0,Android,32.0,2650.0,1,5.0,ZenFone Live,ZB501KL_Navy (ZB501KL-4A053A)
919,ASUS,5663.0,Android,64.0,3300.0,2,6.2,Zenfone 5,ZE620KL_4/64GB (ZE620KL-1A012WW)
920,ASUS,27417.0,Android,256.0,5000.0,23,6.67,Zenfone 7,Pro_ZS671KS Black
921,ASUS,21435.0,Android,128.0,5000.0,20,6.67,Zenfone 7,Pro_Max Dual
922,Apple,22320.0,iOS,128.0,3110.0,100,6.1,iPhone 11,Pro_Max Dual
923,Apple,23176.0,iOS,128.0,3110.0,37,6.1,iPhone 11,128GB_Dual Black
924,Apple,22105.0,iOS,128.0,3110.0,46,6.1,iPhone 11,128GB_Slim Black
925,Apple,25919.0,iOS,256.0,3110.0,76,6.1,iPhone 11,Pro_Max Dual
926,Apple,26090.0,iOS,256.0,3110.0,27,6.1,iPhone 11,256GB_Slim Black
927,Apple,20889.0,iOS,64.0,3110.0,93,6.1,iPhone 11,Pro_Max Dual
928,Apple,20986.0,iOS,64.0,3110.0,33,6.1,iPhone 11,64GB_Dual White
929,Apple,21228.0,iOS,64.0,3110.0,37,6.1,iPhone 11,64GB_Slim Black
930,Apple,33505.0,iOS,256.0,3190.0,21,5.8,iPhone 11,Pro_256GB Sim
931,Apple,31724.0,iOS,256.0,3190.0,94,5.8,iPhone 11,Pro_256GB Green
932,Apple,36188.0,iOS,512.0,3190.0,39,5.8,iPhone 11,Pro_512GB Sim
933,Apple,34617.0,iOS,512.0,3190.0,76,5.8,iPhone 11,Pro_512GB Green
934,Apple,29614.0,iOS,64.0,3190.0,33,5.8,iPhone 11,Pro_64GB Sim
935,Apple,28735.0,iOS,64.0,3190.0,78,5.8,iPhone 11,Pro_64GB Gray
936,Apple,38918.0,iOS,256.0,3969.0,16,6.5,iPhone 11,Pro_Max Dual
937,Apple,35280.0,iOS,256.0,3969.0,82,6.5,iPhone 11,Pro_Max Midnight
938,Apple,42968.0,iOS,512.0,3969.0,34,6.5,iPhone 11,Pro_Max Dual
939,Apple,38447.0,iOS,512.0,3969.0,73,6.5,iPhone 11,Pro_Max Space
940,Apple,32583.0,iOS,64.0,3969.0,37,6.5,iPhone 11,Pro_Max Dual
941,Apple,32583.0,iOS,64.0,3969.0,37,6.5,iPhone 11,Pro_Max Dual
942,Apple,32053.0,iOS,64.0,3969.0,75,6.5,iPhone 11,Pro_Max Space
943,Apple,28735.0,iOS,128.0,2815.0,125,6.1,iPhone 12,Pro_Max Dual
944,Apple,29168.0,iOS,128.0,2815.0,32,6.1,iPhone 12,128GB_Dual Black
945,Apple,31795.0,iOS,256.0,2815.0,93,6.1,iPhone 12,Pro_Max Dual
946,Apple,33660.0,iOS,256.0,2815.0,22,6.1,iPhone 12,256GB_Dual Black
947,Apple,26840.0,iOS,64.0,2815.0,117,6.1,iPhone 12,Pro_Max Dual
948,Apple,25792.0,iOS,64.0,2815.0,40,6.1,iPhone 12,64GB_Dual (PRODUCT)RED
949,Apple,35507.0,iOS,128.0,2815.0,37,6.1,iPhone 12,Pro_128GB Sim
950,Apple,33992.0,iOS,128.0,2815.0,101,6.1,iPhone 12,Pro_128GB Blue
951,Apple,38912.0,iOS,256.0,2815.0,38,6.1,iPhone 12,Pro_256GB Sim
952,Apple,37068.0,iOS,256.0,2815.0,94,6.1,iPhone 12,Pro_256GB Blue
953,Apple,46503.0,iOS,512.0,2815.0,29,6.1,iPhone 12,Pro_512GB Sim
954,Apple,44716.0,iOS,512.0,2815.0,82,6.1,iPhone 12,Pro_512GB Blue
955,Apple,37574.0,iOS,128.0,3687.0,38,6.7,iPhone 12,Pro_Max Dual
956,Apple,37455.0,iOS,128.0,3687.0,115,6.7,iPhone 12,Pro_Max Graphite
957,Apple,41729.0,iOS,256.0,3687.0,30,6.7,iPhone 12,Pro_Max Dual
958,Apple,40910.0,iOS,256.0,3687.0,120,6.7,iPhone 12,Pro_Max Pacific
959,Apple,49242.0,iOS,512.0,3687.0,33,6.7,iPhone 12,Pro_Max Dual
960,Apple,46325.0,iOS,512.0,3687.0,92,6.7,iPhone 12,Pro_Max Pacific
961,Apple,25687.0,iOS,128.0,2227.0,111,5.4,iPhone 12,mini_128GB (MGE33)
962,Apple,31369.0,iOS,256.0,2227.0,81,5.4,iPhone 12,mini_256GB (MGE93)
963,Apple,23939.0,iOS,64.0,2227.0,112,5.4,iPhone 12,mini_64GB (MGDX3)
964,Apple,3000.0,iOS,32.0,1510.0,1,4.0,iPhone 5C,Pro_Max Dual
965,Apple,2445.0,iOS,8.0,1510.0,1,4.0,iPhone 5C,Pro_Max Dual
966,Apple,4691.0,iOS,16.0,1570.0,6,4.0,iPhone 5S,16GB_Space (ME432)
967,Apple,3704.0,iOS,32.0,1570.0,3,4.0,iPhone 5S,Pro_Max Dual
968,Apple,5250.0,iOS,128.0,1810.0,1,4.7,iPhone 6,Pro_Max Dual
969,Apple,4266.0,iOS,16.0,1810.0,3,4.7,iPhone 6,16GB_Space (MG472)
970,Apple,6988.0,iOS,32.0,1810.0,5,4.7,iPhone 6,32GB_Space (MQ3D2)
971,Apple,4623.0,iOS,64.0,1810.0,4,4.7,iPhone 6,64GB_Space (MG4F2)
972,Apple,6400.0,iOS,128.0,2915.0,1,5.5,iPhone 6,Plus_128GB Gray)
973,Apple,5242.0,iOS,16.0,2915.0,3,5.5,iPhone 6,Pro_Max Dual
974,Apple,5889.0,iOS,64.0,2915.0,2,5.5,iPhone 6,Plus_64GB Gray
975,Apple,6876.0,iOS,128.0,1715.0,3,4.7,iPhone 6s,128GB_Space (MKQT2)
976,Apple,6876.0,iOS,128.0,1715.0,3,4.7,iPhone 6s,128GB_Space (MKQT2)
977,Apple,5181.0,iOS,16.0,1715.0,4,4.7,iPhone 6s,16GB_Space (MKQJ2)
978,Apple,5917.0,iOS,32.0,1715.0,7,4.7,iPhone 6s,32GB_Space (MN0W2)
979,Apple,9057.0,iOS,64.0,1715.0,9,4.7,iPhone 6s,64GB_Space (MKQN2)
980,Apple,6500.0,iOS,16.0,2915.0,1,5.5,iPhone 6s,Plus_16GB Gray
981,Apple,9422.0,iOS,32.0,2915.0,8,5.5,iPhone 6s,Plus_32GB Gray
982,Apple,7074.0,iOS,64.0,2915.0,4,5.5,iPhone 6s,Plus_64GB Gray
983,Apple,11829.0,iOS,128.0,1960.0,21,4.7,iPhone 7,128GB_Jet (MN962)
984,Apple,12446.0,iOS,256.0,1960.0,10,4.7,iPhone 7,Pro_Max Dual
985,Apple,12446.0,iOS,256.0,1960.0,10,4.7,iPhone 7,Pro_Max Dual
986,Apple,9571.0,iOS,32.0,1960.0,37,4.7,iPhone 7,Pro_Max Dual
987,Apple,14468.0,iOS,128.0,2900.0,42,5.5,iPhone 7,Plus_128GB (MN4M2)
988,Apple,16392.0,iOS,256.0,2900.0,12,5.5,iPhone 7,Plus_256GB Gold
989,Apple,12412.0,iOS,32.0,2900.0,31,5.5,iPhone 7,Plus_32GB (MNQM2)
990,Apple,12412.0,iOS,32.0,2900.0,31,5.5,iPhone 7,Plus_32GB (MNQM2)
991,Apple,13575.0,iOS,128.0,3608.201812191104,40,4.7,iPhone 8,Pro_Max Dual
992,Apple,14817.0,iOS,256.0,3608.201812191104,31,4.7,iPhone 8,256GB_Space (MQ7F2)
993,Apple,11745.0,iOS,64.0,3608.201812191104,48,4.7,iPhone 8,64GB_Space (MQ6G2)
994,Apple,18509.0,iOS,128.0,3608.201812191104,30,5.5,iPhone 8,Plus_128GB (MX262)
995,Apple,19043.0,iOS,256.0,3608.201812191104,40,5.5,iPhone 8,Plus_256GB Gray
996,Apple,15605.0,iOS,64.0,3608.201812191104,46,5.5,iPhone 8,Plus_64GB Gray
997,Apple,10260.0,iOS,128.0,1624.0,3,4.0,iPhone SE,128GB_Space (MP862)
998,Apple,6240.0,iOS,16.0,1624.0,3,4.0,iPhone SE,16GB_Space (MLLN2)
999,Apple,15533.0,iOS,128.0,1828.0,97,4.7,iPhone SE,2020_128GB (MXD02/MXCW2)
1000,Apple,15937.0,iOS,128.0,1828.0,29,4.7,iPhone SE,2020_128GB Box
1001,Apple,17076.0,iOS,256.0,1828.0,67,4.7,iPhone SE,2020_256GB (MXVT2/MXVP2)
1002,Apple,16104.0,iOS,256.0,1828.0,15,4.7,iPhone SE,2020_256GB Box
1003,Apple,13806.0,iOS,64.0,1828.0,105,4.7,iPhone SE,2020_64GB (MX9R2/MX9N2)
1004,Apple,14142.0,iOS,64.0,1828.0,27,4.7,iPhone SE,2020_64GB Box
1005,Apple,7991.0,iOS,32.0,1624.0,11,4.0,iPhone SE,32GB_Space (MP822)
1006,Apple,7328.0,iOS,64.0,1624.0,3,4.0,iPhone SE,64GB_Space (MLM62)
1007,Apple,7328.0,iOS,64.0,1624.0,3,4.0,iPhone SE,64GB_Space (MLM62)
1008,Apple,18713.0,iOS,256.0,2716.0,43,5.8,iPhone X,Pro_Max Dual
1009,Apple,14185.0,iOS,64.0,2716.0,25,5.8,iPhone X,64GB_Space (MQAC2)
1010,Apple,19050.0,iOS,128.0,2942.0,102,6.1,iPhone XR,Pro_Max Dual
1011,Apple,19810.0,iOS,128.0,2942.0,27,6.1,iPhone XR,128GB_Slim Black
1012,Apple,21688.0,iOS,256.0,2942.0,41,6.1,iPhone XR,Pro_Max Dual
1013,Apple,16938.0,iOS,64.0,2942.0,125,6.1,iPhone XR,Pro_Max Dual
1014,Apple,17977.0,iOS,64.0,2942.0,24,6.1,iPhone XR,64GB_Slim Black
1015,Apple,22520.0,iOS,128.0,2942.0,15,6.1,iPhone XR,Dual_Sim Black
1016,Apple,20143.0,iOS,64.0,2942.0,26,6.1,iPhone XR,Dual_Sim Black
1017,Apple,21463.0,iOS,256.0,2568.0,68,5.8,iPhone XS,Pro_Max Dual
1018,Apple,22842.0,iOS,512.0,2568.0,62,5.8,iPhone XS,Pro_Max Dual
1019,Apple,19790.0,iOS,64.0,2568.0,53,5.8,iPhone XS,64GB_Space (MT9E2)
1020,Apple,24184.0,iOS,256.0,3174.0,37,6.5,iPhone XS,Max_256GB (MT552)
1021,Apple,27190.0,iOS,512.0,3174.0,47,6.5,iPhone XS,Max_512GB Gray
1022,Apple,22685.0,iOS,64.0,3174.0,61,6.5,iPhone XS,Max_64GB (MT522)
1023,Apple,24600.0,iOS,64.0,3174.0,28,6.5,iPhone XS,Max_Dual 64GB
1024,HUAWEI,8804.0,Android,128.0,3750.0,18,6.26,nova 5T,Pro_Max Dual
1025,ZTE,18755.0,Android,128.0,4500.0,2,6.65,nubia Red,Magic_5G Black
