0,1,2,3,4,5,6,7,8,9
1,1/8GB,Bluish,Black,(5033D-2JALUAA),,,,,
1,5033D,1/16GB,Volcano,Black,(5033D-2LALUAF),,,,
1,5033D,1/16GB,Volcano,Black,(5033D-2LALUAF),,,,
1,5033D,1/16GB,Volcano,Black,(5033D-2LALUAF),,,,
1.3,1/16GB,Charcoal,,,,,,,
10,6/64GB,Black,,,,,,,
10,Lite,3/32GB,Blue,,,,,,
10,Lite,4/64GB,Black,,,,,,
10,lite,3/128GB,Blue,,,,,,
10,lite,3/64GB,Black,,,,,,
10,lite,3/64GB,Black,,,,,,
10,lite,3/64GB,Blue,,,,,,
10i,4/128GB,Black,(51093VQV),,,,,,
10i,4/128GB,Blue,(51093VQX),,,,,,
15,4/128GB,Black,,,,,,,
15,4/64GB,Black,,,,,,,
15,4/64GB,Black,,,,,,,
15,4/64GB,Black,,,,,,,
15,Plus,6/64GB,Black,,,,,,
15,Plus,6/64GB,Gray,,,,,,
15,Plus,6/64GB,Gray,,,,,,
16,6/128GB,Black,,,,,,,
16,6/64GB,Black,,,,,,,
16X,6/128GB,Dual,Purple,,,,,,
16Xs,6/128GB,Pearl,White,,,,,,
16th,6/64GB,Black,,,,,,,
1B,5002H,Pine,Green,(5002H-2BALUA12),,,,,
1B,5002H,Prime,Black,(5002H-2AALUA12),,,,,
1SE,3/32GB,Power,Gray,(5030D-2AALUA2),,,,,
1SE,4/128GB,Agate,Green,(5030E-2BALUA2),,,,,
1SE,4/128GB,Agate,Green,(5030E-2BALUA2),,,,,
2.2,2/16GB,Black,,,,,,,
2.3,2/32GB,Green,,,,,,,
2.4,2/32GB,Charcoal,,,,,,,
20,6/128GB,Black,,,,,,,
2720,Flip,Black,(16BTSB01A10),,,,,,
3,Pro,6/128GB,Nitro,Blue,,,,,
3,Pro,6/128GB,Nitro,Blue,,,,,
3.4,3/64GB,Charcoal,,,,,,,
3T,128GB,(Gunmetal),,,,,,,
3T,128GB,(Gunmetal),,,,,,,
3T,64GB,(Gunmetal),,,,,,,
3X,5048Y,Black,(5048Y-2AALWE12),,,,,,
40,Neon,,,,,,,,
40,Neon,,,,,,,,
5,4/128GB,Violet,,,,,,,
5,6/64GB,Black,,,,,,,
5,6/64GB,Slate,Grey,,,,,,
5,Pro,8/128GB,Green,,,,,,
5,Pro,8/128GB,Green,,,,,,
5,Pro,8/128GB,Green,,,,,,
5.3,4/64GB,Charcoal,,,,,,,
5.4,4/128GB,Polar,Night,,,,,,
5i,4/64GB,Green,,,,,,,
6,4/128GB,Blue,,,,,,,
6,4/64GB,Blue,,,,,,,
6,64GB,Black,,,,,,,
6,64GB,Silver,,,,,,,
6,8/128GB,Blue,,,,,,,
6,Pro,8/128GB,Blue,,,,,,
6.1,4/32GB,Black,,,,,,,
6.1,4/64GB,Black,,,,,,,
6.1,Plus,4/64GB,Blue,,,,,,
6S,4/64GB,Eclipse,Black,,,,,,
6S,4/64GB,Eclipse,Black,,,,,,
6S,6/128GB,Lunar,White,,,,,,
6T,8/256GB,Midnight,Black,,,,,,
6i,3/64GB,White,,,,,,,
6i,4/128GB,Green,,,,,,,
7,16GB,(Gold),,,,,,,
7,16GB,(Gold),,,,,,,
7,16GB,(Gold),,,,,,,
7,6/64GB,Mist,Blue,,,,,,
7,8/256GB,Mirror,Gray,,,,,,
7,Plus,4/64GB,Black,,,,,,
7,Pro,8/128GB,Mirror,Blue,,,,,
8,12/256GB,Onyx,Black,,,,,,
8,3/32GB,Blue,,,,,,,
8,4/64GB,(Blue),,,,,,,
8,8/128GB,Onyx,Black,,,,,,
8,Dual,SIM,Silver,,,,,,
8,Pro,12/256GB,Glacial,Green,,,,,
8,Pro,8/128GB,Onyx,Black,,,,,
8.3,5G,8/128GB,Polar,Night,,,,,
8A,2/32GB,Gold,,,,,,,
8A,3/64GB,Blue,,,,,,,
8A,3/64GB,Blue,,,,,,,
8S,2/32GB,Black,(51093ULM),,,,,,
8S,2/32GB,Black,(51093ULM),,,,,,
8T,12/256GB,Cyberpunk,2077,Limited,Edition,,,,
8T,12/256GB,Lunar,Silver,,,,,,
8T,8/128GB,Aquamarine,Green,,,,,,
8x,Max,4/64GB,Black,,,,,,
8x,Max,4/64GB,Black,,,,,,
8x,Max,4/64GB,Blue,,,,,,
9,4/64GB,Dual,Blue,,,,,,
9,Lite,3/32GB,Midnight,Black,,,,,
9i,3/32GB,Black,,,,,,,
9i,3/32GB,Black,,,,,,,
9i,4/64GB,Blue,,,,,,,
9i,4/64GB,Blue,,,,,,,
9x,4/128GB,Black,,,,,,,
A10,6/128GB,Black,,,,,,,
A12,3/32GB,Black,,,,,,,
A12,4/64GB,Blue,,,,,,,
A30,2/16GB,Black,,,,,,,
A30,2/16GB,Black,,,,,,,
A31,4/64GB,Mystery,Black,,,,,,
A5,2020,3/64GB,Black,,,,,,
A50,GRANITE,2/16GB,Black,,,,,,
A512,Harmony,Pro,DS,Black,,,,,
A52,4/64GB,Twilight,Black,,,,,,
A53,4/128GB,Electric,Black,,,,,,
A53,4/64GB,Black,,,,,,,
A5L+,2/16GB,Grey,,,,,,,
A5s,3/32Gb,Blue,,,,,,,
A60,1/16GB,Black,,,,,,,
A60,Plus,4/64GB,Black,,,,,,
A60,Pro,3/16GB,Black,,,,,,
A7,2/32GB,L19111,Blue,,,,,,
A7,Pro,4/128GB,Black,,,,,,
A7,Pro,4/128GB,Black,,,,,,
A7,Pro,4/64GB,Black,,,,,,
A72,4/128GB,Aurora,Purple,,,,,,
A73,4/128GB,Navy,Blue,,,,,,
A7S,2/32GB,Black,,,,,,,
A8,3/32GB,Black,,,,,,,
A80,2/16GB,Red,,,,,,,
A80,Pro,4/64GB,Black,,,,,,
A9,2020,4/128GB,Marine,Green,,,,,
A9,2020,4/128GB,Space,Purple,,,,,
A9,4/32GB,Black,,,,,,,
A9,4/64GB,Black,,,,,,,
A91,8/128GB,Black,,,,,,,
Action-X3,3/32GB,Black,,,,,,,
Aquos,D10,4/64GB,Black,,,,,,
Armor,10,5G,8/128GB,Black,,,,,
Armor,3W,6/64GB,Black,,,,,,
Armor,3WT,6/64GB,Black,,,,,,
Armor,7E,4/128GB,Black,,,,,,
Armor,7E,4/128GB,Black,,,,,,
Armor,8,4/64GB,Black,(6937748733744),,,,,
Armor,9,8/128GB,Black,(6937748733515),,,,,
Armor,9E,8/128GB,Black,(6937748733805),,,,,
Armor,9E,8/128GB,Black,(6937748733805),,,,,
Armor,X3,2/32GB,Black,,,,,,
Armor,X5,3/32GB,Red,(6937748733256),,,,,
Armor,X5,Pro,4/64GB,Black,(6937748733829),,,,
Armor,X6,2/16GB,Orange,,,,,,
Armor,X7,2/16GB,Orange,,,,,,
Armor,X7,Pro,4/32GB,Black,,,,,
Armor,X8,4/64GB,Black,,,,,,
B1P,DS,Champagne,Gold,,,,,,
B1P,DS,Champagne,Gold,,,,,,
B505,Unit,4G,Dual,Sim,Black,,,,
BL5000,Black,(6924351609900),,,,,,,
BL5000,Black,(6924351609900),,,,,,,
BL5500,Lite,2/16GB,Dual,Sim,Gold,,,,
BV4900,3/32GB,Black,,,,,,,
BV4900,Pro,4/64GB,Orange,,,,,,
BV5100,4/128GB,Green,,,,,,,
BV5100,Pro,4/128GB,Black,,,,,,
BV5500,2/16GB,Black,,,,,,,
BV5500,Plus,3/32GB,Black,,,,,,
BV5500,Pro,3/16GB,Black,,,,,,
BV5500,Pro,3/16GB,Black,,,,,,
BV5800,Pro,2/16GB,Black,,,,,,
BV5900,3/32GB,Black,,,,,,,
BV6100,3/16GB,Black,,,,,,,
BV6300,3/32GB,Black,,,,,,,
BV6300,Pro,6/128GB,Black,,,,,,
BV6800,Pro,4/64GB,Black,,,,,,
BV6900,4/64GB,Black,,,,,,,
BV8000,Pro,Lion,Gold,,,,,,
BV8000,Pro,Lion,Gold,,,,,,
BV9100,4/64GB,Black,,,,,,,
BV9500,Black,,,,,,,,
BV9500,Plus,4/64GB,Black,,,,,,
BV9500,Pro,6/128GB,Black,,,,,,
BV9600,4/64GB,Silver,,,,,,,
BV9600,4/64GB,Silver,,,,,,,
BV9600,Pro,6/128GB,Black,,,,,,
BV9600,Pro,6/128GB,Black,,,,,,
BV9600E,4/128GB,Grey,,,,,,,
BV9700,Pro,6/128GB,Black,,,,,,
BV9700,Pro,6/128GB,Black,+,Night,Vision,Camera,,
BV9800,6/128Gb,Black,,,,,,,
BV9800,6/128Gb,Black,,,,,,,
BV9800,Pro,6/128GB,Orange,,,,,,
BV9900,8/256GB,Black,,,,,,,
BV9900,Pro,8/128GB,Gray,,,,,,
BV9900E,6/128GB,Black,,,,,,,
Bison,6/128GB,Red,,,,,,,
Black,Shark,2,Pro,8/128GB,Black,,,,
Black,Shark,2,Pro,8/128GB,Iceberg,Grey,,,
Black,Shark,3,12/256GB,Black,,,,,
Black,Shark,3,8/128GB,Black,,,,,
Black,Shark,8/128GB,Black,,,,,,
Blade,20,Smart,4/128GB,Gradient,Green,,,,
Blade,A3,2020,1/32GB,Blue,,,,,
Blade,A3,2020,1/32GB,Grey,,,,,
Blade,A3,2020,1/32GB,Red,,,,,
Blade,A5,2/16GB,Black,,,,,,
Blade,A5,2/16GB,Blue,,,,,,
Blade,A5,2/16GB,Blue,,,,,,
Blade,A5,2/32GB,Black,,,,,,
Blade,A5,2/32GB,Blue,,,,,,
Blade,A5,2020,2/32GB,Black,,,,,
Blade,A7,2019,2/32GB,Black,,,,,
Blade,A7,2020,2/32GB,Gradient,,,,,
Blade,A7,2020,3/64GB,Gradient,,,,,
Blade,A7S,2/64GB,Blue,,,,,,
Blade,L210,1/32GB,Black,,,,,,
Blade,L210,1/32GB,Blue,,,,,,
Blade,L210,1/32GB,Blue,,,,,,
Blade,L8,1/16GB,Black,,,,,,
Blade,L8,1/16GB,Blue,,,,,,
Blade,V2020,Smart,4/128GB,Grey,,,,,
Blade,V2020,Smart,4/64GB,Grey,,,,,
C11,2/32GB,Green,,,,,,,
C11,2/32GB,Grey,,,,,,,
C18,Pro,4/64GB,Purple,,,,,,
C19,2/16GB,Black,,,,,,,
C19,2/16GB,Gradient,Blue,,,,,,
C2,2/32GB,Diamond,Black,,,,,,
C21,4/64GB,Black,,,,,,,
C3,2/32GB,Blue,,,,,,,
C3,2/32GB,Red,,,,,,,
C3,3/32GB,Red,,,,,,,
C3,3/64GB,Blue,,,,,,,
C30,8/128GB,Black,,,,,,,
C552,Black,,,,,,,,
C552,Red,,,,,,,,
C9,2/16GB,Black,,,,,,,
C9,Pro,3/32GB,Black,,,,,,
C9,Pro,3/32GB,Black,,,,,,
CORE-X3,2/16GB,Dark,Blue,,,,,,
Camon,12,Air,CC6,Alpenglow,Gold,,,,
Camon,12,CC7,Dark,Jade,,,,,
Camon,15,4/64GB,Dark,Jade,(4895180755057),,,,
Camon,15,CD7,4/128GB,Fascinating,Purple,(4895180759550),,,
Cool,Play,6,6/64GB,Black,,,,,
Cool,Play,6,6/64GB,Black,,,,,
Core,50,16GB,Red,,,,,,
D6,Pro,2/16GB,Black,,,,,,
D6,Pro,2/16GB,Black,,,,,,
D855,G3,32GB,(Silk,White),,,,,
D858,G3,Dual,(Metallic,Black),,,,,
Droid,Turbo,2,32GB,(Ballistic,Nylon,Black),,,
Droid,Turbo,2,32GB,(Ballistic,Nylon,Black),,,
E450A,2018,DualSim,Black,,,,,,
E450R,DualSim,Gray,,,,,,,
E500A,2019,DualSim,Black,,,,,,
E6,Plus,4/64GB,Polish,Grey,,,,,
E6,Plus,XT2025-2,4/64GB,Blue,,,,,
E6S,4/64,GB,Meteor,Grey,(PAJE0031RS),,,,
E7,Plus,4/64GB,Misty,Blue,(PAKX0008RS),,,,
Edge,5G,6/128GB,Dual,Black,(XT2063-3),,,,
F534L,2018,DualSim,Black,,,,,,
F534L,2018,DualSim,Gold,,,,,,
F572L,2018,DualSim,Red,,,,,,
F572L,2018,DualSim,Silver,,,,,,
Find,X2,12/256GB,Ocean,Black,,,,,
Find,X2,Pro,12/512GB,Orange,,,,,
G6,32GB,Black,(H870S.ACISBK),,,,,,
G6,64GB,Black,(LGH870DS.ACISBK),,,,,,
G6,64GB,Platinum,(LGH870DS.ACISPL),,,,,,
G6,G600L,4/64GB,Black,,,,,,
G6,G600L,4/64GB,Black,,,,,,
G6,G600L,4/64GB,Platinum,,,,,,
G6,Plus,128GB,Gold,,,,,,
G6,Plus,128GB,Gold,,,,,,
G7,4/64GB,Ceramic,Black,(XT1962-6),,,,,
G7,ThinQ,4/64GB,Aurora,Black,(LMG710EMW.ACISBK),,,,
G7,ThinQ,4/64GB,Moroccan,Blue,(LMG710EMW.ACISBL),,,,
G7,ThinQ,4/64GB,Platinum,Gray,,,,,
G7,ThinQ,4/64GB,Raspberry,Rose,,,,,
G8,Power,4/64GB,Dual,Sim,Black,(PAHF0007RS),,,
G8,Power,Lite,4/64GB,Royal,Blue,(PAJC0017RS),,,
G8,ThinQ,6/128GB,Black,,,,,,
G8X,ThinQ,6/128GB,Aurora,Black,,,,,
G8s,ThinQ,6/128GB,White,,,,,,
G9,Play,4/64GB,Sapphire,Blue,(PAKK0016RS),,,,
G9,Plus,4/128GB,Navy,Blue,(PAKM0019RS),,,,
G920F,Galaxy,S6,32GB,(White,Pearl),,,,
G925F,Galaxy,S6,Edge,32GB,(White,Pearl),,,
G935FD,Galaxy,S7,Edge,32GB,Gold,(SM-G935FZDU),,,
Galaxy,A01,2/16GB,Black,(SM-A015FZKD),,,,,
Galaxy,A01,Core,1/16GB,Black,(SM-A013FZKD),,,,
Galaxy,A02s,3/32GB,Blue,(SM-A025FZBE),,,,,
Galaxy,A10s,2019,SM-A107F,2/32GB,Black,(SM-A107FZKD),,,
Galaxy,A11,2/32GB,Black,(SM-A115FZKN),,,,,
Galaxy,A12,SM-A125F,3/32GB,Black,(SM-A125FZKUSEK),,,,
Galaxy,A12,SM-A125F,4/64GB,Black,(SM-A125FZKVSEK),,,,
Galaxy,A2,Core,2019,SM-A260,1/16GB,Blue,,,
Galaxy,A2,Core,2019,SM-A260,1/16GB,Blue,,,
Galaxy,A20e,SM-A202F,3/32GB,Black,SM-A202FZKD,,,,
Galaxy,A20e,SM-A202F,3/32GB,White,(SM-A202FZWD),,,,
Galaxy,A20s,2019,A207F,3/32GB,Black,(SM-A207FZKD),,,
Galaxy,A21s,3/32GB,Black,(SM-A217FZKN),,,,,
Galaxy,A30s,3/32GB,Black,(SM-A307FZKU),,,,,
Galaxy,A30s,4/128GB,White,,,,,,
Galaxy,A30s,4/128GB,White,,,,,,
Galaxy,A30s,4/64GB,Green,(SM-A307FZGV),,,,,
Galaxy,A31,4/128GB,Black,(SM-A315FZKV),,,,,
Galaxy,A31,4/64GB,Black,(SM-A315FZKU),,,,,
Galaxy,A41,4/64GB,Black,(SM-A415FZKD),,,,,
Galaxy,A50,2019,SM-A505F,4/128GB,Black,,,,
Galaxy,A50,2019,SM-A505F,4/64GB,Blue,(SM-A505FZBU),,,
Galaxy,A50,2019,SM-A505F,6/128GB,Blue,(SM-A505FZBQ),,,
Galaxy,A50s,2019,SM-A507FD,6/128GB,Black,,,,
Galaxy,A50s,2019,SM-A507FD,6/128GB,Black,,,,
Galaxy,A50s,2019,SM-A507FD,6/128GB,Black,,,,
Galaxy,A50s,SM-A5070,6/128GB,Prism,Crush,Green,,,
Galaxy,A51,2020,4/64GB,Black,(SM-A515FZKU),,,,
Galaxy,A51,2020,6/128GB,Blue,(SM-A515FZBW),,,,
Galaxy,A51,SM-A515F,2020,8/128GB,Blue,,,,
Galaxy,A51,SM-A515F,4/128GB,Black,,,,,
Galaxy,A51,SM-A515F,6/128GB,Metallic,Silver,(SM-A515FMSW),,,
Galaxy,A6+,3/32GB,Gold,(SM-A605FZDN),,,,,
Galaxy,A6+,3/32GB,Lavender,,,,,,
Galaxy,A6+,4/32GB,Gold,,,,,,
Galaxy,A7,2018,4/64GB,Black,(SM-A750FZKU),,,,
Galaxy,A7,2018,4/64GB,Blue,(SM-A750FZBU),,,,
Galaxy,A70,2019,SM-A7050,6/128GB,Black,,,,
Galaxy,A70,2019,SM-A7050,6/128GB,Blue,,,,
Galaxy,A70,2019,SM-A7050,6/128GB,Blue,,,,
Galaxy,A70,2019,SM-A7050,6/128GB,Blue,,,,
Galaxy,A70,2019,SM-A705F,6/128GB,Black,(SM-A705FZKU),,,
Galaxy,A71,2020,6/128GB,Black,(SM-A715FZKU),,,,
Galaxy,A71,2020,SM-A715F,8/128GB,Blue,,,,
Galaxy,A8+,2018,32GB,Gold,(SM-A730FZDD),,,,
Galaxy,A8+,2018,32GB,Orchid,Gray,(SM-A730FZVD),,,
Galaxy,A8+,2018,32GB,Orchid,Gray,(SM-A730FZVD),,,
Galaxy,A8+,2018,4/64GB,Orchid,Gray,,,,
Galaxy,A80,2019,8/128GB,Black,(SM-A805FZKD),,,,
Galaxy,A80,2019,A8050,8/128GB,Black,,,,
Galaxy,A9,2018,6/128Gb,Blue,(SM-A920FZBD),,,,
Galaxy,Fold,12/256GB,Black,,,,,,
Galaxy,Fold,12/512GB,Black,(SM-F900FZKD),,,,,
Galaxy,Fold,5G,SM-F907B,12/512GB,Black,,,,
Galaxy,Fold,5G,SM-F907B,12/512GB,Silver,,,,
Galaxy,J6,2018,2/32GB,Gold,(SM-J600FZDD),,,,
Galaxy,M10,SM-M105F,2/16GB,Black,(SM-M105GDAG),,,,
Galaxy,M10,SM-M105F,2/16GB,Black,(SM-M105GDAG),,,,
Galaxy,M10,SM-M105F,2/16GB,Black,(SM-M105GDAG),,,,
Galaxy,M10,SM-M105F,3/32GB,Black,,,,,
Galaxy,M10,SM-M105F,3/32GB,Black,,,,,
Galaxy,M10,SM-M105F,3/32GB,Blue,,,,,
Galaxy,M10S,M107F,3/32GB,Black,,,,,
Galaxy,M115,M11,3/32,Black,(SM-M115FZKN),,,,
Galaxy,M21,4/64GB,Black,(SM-M215FZKU),,,,,
Galaxy,M30,SM-M305F,4/64GB,Gradation,Blue,,,,
Galaxy,M31,6/128GB,Black,(SM-M315FZKU),,,,,
Galaxy,M31s,6/128GB,Blue,(SM-M317FZBN),,,,,
Galaxy,M51,6/128GB,Black,(SM-M515FZKD),,,,,
Galaxy,Note,10,SM-N9700,8/256GB,Black,(SM-N9700ZKD),,,
Galaxy,Note,10,SM-N9700,8/256GB,White,,,,
Galaxy,Note,10,SM-N970F,8/256GB,Black,(SM-N970FZKD),,,
Galaxy,Note,10+,SM-N9750,12/256GB,Aura,Glow,,,
Galaxy,Note,10+,SM-N9750,12/512GB,Black,,,,
Galaxy,Note,10+,SM-N975F,12/256GB,Black,(SM-N975FZKD),,,
Galaxy,Note,10+,SM-N975F,12/512GB,Aura,Black,,,
Galaxy,Note,8,64GB,Gold,,,,,
Galaxy,Note,8,N950F,Single,sim,128GB,Black,,
Galaxy,Note,8,N950F,Single,sim,128GB,Black,,
Galaxy,Note,9,N960,6/128GB,Metallic,Copper,,,
Galaxy,Note,9,N960,8/512GB,Lavender,Purple,,,
Galaxy,Note,9,N960,8/512GB,Lavender,Purple,,,
Galaxy,Note,9,N960,8/512GB,Lavender,Purple,,,
Galaxy,Note,9,N960,8/512GB,Metallic,Copper,,,
Galaxy,Note,9,N960,8/512GB,Midnight,Black,,,
Galaxy,Note,9,N960,8/512GB,Ocean,Blue,(SM-N960FZBH),,
Galaxy,Note10,Lite,SM-N770F,Dual,6/128GB,Black,(SM-N770FZKD),,
Galaxy,Note10,Lite,SM-N770F,Dual,8/128GB,Black,(SM-N770FZKU),,
Galaxy,Note20,5G,N9810,8/256GB,Mystic,Gray,,,
Galaxy,Note20,5G,SM-N981B,8/256GB,Mystic,Bronze,,,
Galaxy,Note20,SM-N980F,8/256GB,Mystic,Green,(SM-N980FZGG),,,
Galaxy,Note20,Ultra,5G,SM-N9860,12/256GB,Mystic,Black,,
Galaxy,Note20,Ultra,5G,SM-N986B,12/256GB,Mystic,Black,,
Galaxy,Note20,Ultra,5G,SM-N986B,12/512GB,Mystic,Black,(SM-N986BZKH),
Galaxy,Note20,Ultra,SM-N985F,8/256GB,Mystic,Bronze,(SM-N985FZNG),,
Galaxy,S10,Lite,SM-G770,6/128GB,Black,(SM-G770FZKG),,,
Galaxy,S10,Lite,SM-G770,8/128GB,Black,,,,
Galaxy,S10,SM-G973,DS,128GB,Green,(SM-G973FZGD),,,
Galaxy,S10,SM-G973,DS,512GB,Black,,,,
Galaxy,S10,SM-G9730,DS,128GB,Black,,,,
Galaxy,S10+,SM-G975,DS,128GB,Black,(SM-G975FZKD),,,
Galaxy,S10+,SM-G975,DS,1TB,Black,(SM-G975FCKH),,,
Galaxy,S10+,SM-G975,DS,1TB,Ceramic,White,(SM-G975FCWH),,
Galaxy,S10+,SM-G975,DS,512GB,Black,(SM-G975FCKG),,,
Galaxy,S10+,SM-G975,DS,512GB,White,(SM-G975FCWG),,,
Galaxy,S10+,SM-G975,SS,512GB,White,,,,
Galaxy,S10+,SM-G975,SS,512GB,White,,,,
Galaxy,S10+,SM-G9750,DS,128GB,Black,,,,
Galaxy,S10+,SM-G9750,DS,128GB,Black,,,,
Galaxy,S10+,SM-G9750,DS,1TB,Black,,,,
Galaxy,S10e,SM-G970,DS,128GB,Black,(SM-G970FZKD),,,
Galaxy,S10e,SM-G9700,DS,128GB,Black,,,,
Galaxy,S20,5G,SM-G981,12/128GB,Cosmic,Gray,,,
Galaxy,S20,5G,SM-G9810,12/128GB,Cloud,Pink,,,
Galaxy,S20,FE,5G,SM-G7810,8/128GB,Cloud,Navy,,
Galaxy,S20,FE,5G,SM-G7810,Dual,8/256GB,Cloud,Navy,
Galaxy,S20,FE,5G,SM-G781B,6/128GB,Cloud,Red,,
Galaxy,S20,FE,5G,SM-G781B,8/128GB,Cloud,Red,,
Galaxy,S20,FE,SM-G780F,6/128GB,Blue,(SM-G780FZBD),,,
Galaxy,S20,FE,SM-G780F,6/256GB,Cloud,Navy,,,
Galaxy,S20,FE,SM-G780F,8/128GB,Cloud,Navy,,,
Galaxy,S20,FE,SM-G780F,8/256GB,Blue,(SM-G780FZBH),,,
Galaxy,S20,SM-G980,8/128GB,Grey,(SM-G980FZAD),,,,
Galaxy,S20,Ultra,5G,SM-G9880,12/256GB,Cosmic,Gray,,
Galaxy,S20,Ultra,5G,SM-G988B,12/128GB,Black,,,
Galaxy,S20,Ultra,SM-G988,128GB,Grey,(SM-G988BZAD),,,
Galaxy,S20+,5G,SM-G9860,12/128GB,Cosmic,Black,,,
Galaxy,S20+,5G,SM-G9860,8/128GB,Gray,,,,
Galaxy,S20+,5G,SM-G9860,8/128GB,Gray,,,,
Galaxy,S20+,5G,SM-G986B,12/128GB,Black,,,,
Galaxy,S20+,5G,SM-G986F-DS,12/128GB,Black,,,,
Galaxy,S20+,LTE,SM-G985,Dual,8/128GB,Black,(SM-G985FZKD),,
Galaxy,S21,8/128GB,Phantom,Grey,(SM-G991BZADSEK),,,,
Galaxy,S21,8/256GB,Phantom,Grey,(SM-G991BZAGSEK),,,,
Galaxy,S21,Ultra,12/128GB,Phantom,Black,(SM-G998BZKDSEK),,,
Galaxy,S21,Ultra,12/256GB,Phantom,Black,(SM-G998BZKGSEK),,,
Galaxy,S21,Ultra,16/512GB,Phantom,Black,(SM-G998BZKHSEK),,,
Galaxy,S21+,8/128GB,Phantom,Black,(SM-G996BZKDSEK),,,,
Galaxy,S21+,8/256GB,Phantom,Black,(SM-G996BZKGSEK),,,,
Galaxy,S7,G930F,32GB,(Black),,,,,
Galaxy,S7,G930F,32GB,(Gold),,,,,
Galaxy,S8,64GB,Blue,,,,,,
Galaxy,S8,G950F,Single,Sim,64GB,Black,,,
Galaxy,S8+,64GB,Black,(SM-G955FZKD),,,,,
Galaxy,S8+,SM-G955U,64GB,Black,,,,,
Galaxy,S9,SM-G960,DS,128GB,Black,(SM-G960FZKG),,,
Galaxy,S9,SM-G960,DS,128GB,Black,(SM-G960FZKG),,,
Galaxy,S9,SM-G960,DS,128GB,Black,(SM-G960FZKG),,,
Galaxy,S9,SM-G960,DS,128GB,Blue,,,,
Galaxy,S9,SM-G960,DS,128GB,Blue,,,,
Galaxy,S9,SM-G960,DS,128GB,Grey,(SM-G960FZAG),,,
Galaxy,S9,SM-G960,DS,128GB,Purple,(SM-G960FZPG),,,
Galaxy,S9,SM-G960,DS,64GB,Black,(SM-G960FZKD),,,
Galaxy,S9,SM-G960U1,128GB,Purple,,,,,
Galaxy,S9+,SM-G965,DS,128GB,Black,,,,
Galaxy,S9+,SM-G965,DS,128GB,Blue,,,,
Galaxy,S9+,SM-G965,DS,128GB,Grey,,,,
Galaxy,S9+,SM-G965,DS,128GB,Purple,,,,
Galaxy,S9+,SM-G965,DS,256GB,Black,(SM-G965FZKH),,,
Galaxy,S9+,SM-G965,DS,64GB,Black,(SM-G965FZKD),,,
Galaxy,Z,Flip,5G,SM-F707,8/256GB,Mystic,Bronze,,
Galaxy,Z,Flip,SM-F700,8/256GB,Mirror,Purple,(SM-F700FZPD),,
Galaxy,Z,Fold2,12/256GB,Mystic,Black,(SM-F916BZKQ),,,
H791,Nexus,5X,32GB,(Mint),,,,,
H791,Nexus,5X,32GB,(Mint),,,,,
H990,V20,Dual,64GB,(Black),,,,,
H990,V20,Dual,64GB,(Silver),,,,,
Hammer,Energy,Black,,,,,,,
K10,Note,4/64GB,Black,,,,,,
K10,Note,6/128GB,Louise,Lake,,,,,
K12,6/64,Black,,,,,,,
K12,6/64,Black,,,,,,,
K13,4/64GB,Black,,,,,,,
K13,4/64GB,Black,,,,,,,
K13,4/64GB,Pro,Black,,,,,,
K13,Pro,Leather,Black,,,,,,
K5,Pro,4/64GB,Black,,,,,,
K9,4/64,Black,,,,,,,
KEYone,,,,,,,,,
King,Kong,CS,,,,,,,
King,Kong,CS,,,,,,,
King,Kong,CS,,,,,,,
Kingkong,mini,3/32GB,Red,,,,,,
Kingkong,mini,3/32GB,Yellow,,,,,,
Lumia,925,(Black),,,,,,,
Lumia,925,(White),,,,,,,
Lumia,925,(White),,,,,,,
M10,2/32GB,Black,,,,,,,
M10,2/32GB,Red,,,,,,,
M10,3/32GB,Black,,,,,,,
M10,3/32GB,Blue,,,,,,,
M5,Black,,,,,,,,
M6,Note,3/16GB,Black,,,,,,
M6T,2/16GB,Black,,,,,,,
M6T,3/32GB,Blue,,,,,,,
M8,4/64GB,Black,,,,,,,
M8,4/64GB,Blue,,,,,,,
MIX,2,6/64GB,Black,,,,,,
Mate,10,6/128GB,Gold,,,,,,
Mate,10,6/256GB,Porsche,Design,,,,,
Mate,20,DS,6/64GB,Black,,,,,
Mate,RS,Porsche,Design,6/256GB,Black,,,,
Mi,10,Lite,6/128GB,Cosmic,Grey,,,,
Mi,10,Lite,6/64GB,Cosmic,Grey,,,,
Mi,10,Lite,8/256GB,Dream,White,,,,
Mi,10,Pro,8/256GB,Gray,,,,,
Mi,10T,6/128GB,Cosmic,Black,,,,,
Mi,10T,8/128GB,Cosmic,Black,,,,,
Mi,10T,Lite,6/128GB,Pearl,Gray,,,,
Mi,10T,Lite,6/64GB,Pearl,Gray,,,,
Mi,10T,Pro,8/128GB,Cosmic,Black,,,,
Mi,10T,Pro,8/256GB,Cosmic,Black,,,,
Mi,Max,2,4/64GB,Black,,,,,
Mi,Note,10,Lite,6/64GB,Purple,,,,
Mi5,3/32GB,Gold,,,,,,,
Mix,2,M2,4/64GB,Black,,,,,
Mix,2,M2,4/64GB,Blue,,,,,
Mobile,GM8,Space,Gray,,,,,,
Moto,C,Plus,XT1723,16GB,Gold,(PA800126UA),,,
Moto,E4,(XT1762),Metallic,Iron,Gray,(PA750058UA),,,
Moto,E5,Plus,XT1924-1,DualSim,Black,(PABA0014UA),,,
Moto,E5,XT1944,16GB,black,,,,,
Moto,G5,2/16GB,Gold,(PA610071UA),,,,,
Moto,G5s,(XT1794),Lunar,Gray,(PA7W0024UA),,,,
Moto,G5s,(XT1794),Lunar,Gray,(PA7W0024UA),,,,
Moto,G5s,XT1799,4/64GB,Black,(PA930008CN),,,,
Moto,G5s,XT1799,4/64GB,Black,(PA930008CN),,,,
Moto,G6,Play,XT1922-5,Dual,Sim,32GB,Indigo,Blue,
Moto,G6,Plus,XT1926,Dual,Sim,64GB,Indigo,Blue,
Moto,G7,Play,XT1952-2,Dual,Sim,2/32GB,Deep,Indigo,
Moto,G7,Power,XT1955-4,4/64GB,Ceramic,Black,,,
Moto,G7,Power,XT1955-4,4/64GB,Ceramic,Black,,,
Moto,G8,4/64GB,Blue,(PAHL0004RS),,,,,
Moto,G8,4/64GB,Blue,(PAHL0004RS),,,,,
Moto,G8,4/64GB,White,(PAHL0010RS),,,,,
Moto,G8,4/64GB,White,(PAHL0010RS),,,,,
Moto,G8,Plus,XT2019-1,4/64GB,Dual,Sim,Cosmic,Blue,(PAGE0015RS)
Moto,G9,Power,4/128GB,Gray,(PALR0020RS),,,,
Moto,M,Grey,(PA5D0075UA),,,,,,
Moto,X,(2nd.,Gen),(Black),16GB,,,,
Moto,X,Force,(Black),,,,,,
Moto,X4,3/32GB,Black,(PA8X0004UA),,,,,
Moto,Z,32GB,Black,(SM4389AE7U1),,,,,
Moto,Z,32GB,Black,(SM4389AE7U1),,,,,
Moto,Z,32GB,Black,(SM4389AE7U1),,,,,
Moto,Z,32GB,White/Gold,(SM4389AD1U1),,,,,
Moto,Z2,Force,6/64GB,Black,(PA900007UA),,,,
Moto,Z2,Force,SS,4/64GB,Fine,Gold,,,
Moto,Z2,Play,Fine,Gold,(SM4482AJ1K7),,,,
Moto,Z2,Play,Lunar,Grey,(SM4482AC3K7),,,,
Moto,Z3,Play,4/64GB,Deep,Indgo,,,,
Moto,Z4,4/128GB,Flash,Gray,,,,,
Moto,Z4,4/128GB,Flash,Gray,,,,,
N1-550,Cruiser,Dual,Sim,Black,,,,,
N1-550,Cruiser,Dual,Sim,Black,,,,,
N10,3/32GB,Purple,,,,,,,
N20,4/64GB,Black,,,,,,,
N20,Pro,6/128GB,Green,,,,,,
N30,4/128GB,Dreamy,Blue,,,,,,
N30,4/128GB,Dreamy,Blue,,,,,,
N920C,Galaxy,Note,5,32GB,(Gold,Platinum),,,
Nexus,6,32GB,(Cloud,White),,,,,
Nord,12/256GB,Gray,Onyx,,,,,,
Nord,8/128GB,Gray,Onyx,,,,,,
Nord,N10,5G,6/128GB,Midnight,Ice,,,,
Nord,N100,4/64GB,Midnight,Frost,,,,,
Note,20,Pro,6/128GB,Black,,,,,
Note,20,Pro,8/128GB,Black,,,,,
Note,7P,3/32GB,Twilight,,,,,,
Note,7P,3/32GB,Twilight,,,,,,
Note,8P,2/16GB,Black,,,,,,
Note,8P,2/16GB,Midnight,Green,,,,,
Note,8P,2/16GB,Midnight,Green,,,,,
Note,9,4/64GB,Black,,,,,,
Nova,4,8/128GB,Black,,,,,,
Nubia,Z17,8/64GB,Black,,,,,,
Nubia,Z17,8/64GB,Black,,,,,,
One,Action,4/128GB,XT2013-2,Blue,,,,,
One,Action,4/128GB,XT2013-2,White,,,,,
One,Fusion,4/64GB,Deep,Sapphire,Blue,,,,
One,Fusion+,6/128GB,Blue,(PAJW0006RS),,,,,
One,Hyper,XT2027-1,4/128GB,Deep,Sea,Blue,,,
One,Macro,XT2016-1,4/64GB,Blue,,,,,
One,Power,XT1942-1,4/64GB,Dual,Sim,Black,,,
One,Vision,4/128GB,Bronze,,,,,,
One,Vision,4/128GB,Sapphire,Blue,,,,,
One,XT1941-4,4/64GB,Dual,Sim,Black,,,,
One,Zoom,4/128GB,Grey,,,,,,
One,Zoom,4/128GB,Purple,,,,,,
P,Smart,2020,4/128GB,Emerald,Green,,,,
P,Smart,Pro,6/128GB,Midnight,Black,(51094UVB),,,
P,Smart,S,4/128GB,Breathing,Crystal,(51095HVM),,,
P,smart,2019,3/64GB,Black,(51093FSW),,,,
P,smart,2021,4/128GB,Midnight,Black,(51096ABV),,,
P,smart,Z,4/64GB,Emerald,Green,(51093WVK),,,
P,smart+,4/64GB,Black,(51092TFB),,,,,
P30,4/64GB,Black,,,,,,,
P30,6/128GB,Black,(51093NDK),,,,,,
P30,8/128GB,Black,,,,,,,
P30,Lite,4/128GB,Breathing,Crystal,,,,,
P30,Lite,6/256GB,Peacock,Blue,,,,,
P30,Pro,6/128GB,Black,(51093TFT),,,,,
P30,Pro,8/128GB,Aurora,,,,,,
P30,Pro,8/256GB,Black,(51093NFN),,,,,
P30,Pro,NEW,EDITION,8/256GB,Silver,Frost,,,
P40,8/128GB,Black,(51095EHY),,,,,,
P40,Pro,8/256GB,Silver,Frost,(51095CAL),,,,
P40,Pro+,8/512GB,Black,Ceramic,,,,,
P40,Pro+,8/512GB,Black,Ceramic,,,,,
P40,lite,6/128GB,Crush,Green,(51095CJX),,,,
P40,lite,E,4/64GB,Midnight,Black,(51095DCE),,,
P600,Black,,,,,,,,
P600,Gold,,,,,,,,
P760,Black,,,,,,,,
P8,Prestige,Gold,,,,,,,
P8,Prestige,Gold,,,,,,,
POP,2F,B1F,1/16GB,Midnight,Black,(4895180746659),,,
POP,3,BB2,1/16GB,DS,Sandstone,Black,(4895180751288),,
POP,4,BC2,2/32GB,DS,Ice,Lake,Green,(4895180759420),
Pixel,128GB,(Quite,Black),,,,,,
Pixel,2,128GB,Just,Black,,,,,
Pixel,2,64GB,Just,Black,,,,,
Pixel,2,XL,64GB,Just,Black,,,,
Pixel,3,4/128GB,Just,Black,,,,,
Pixel,3,4/64GB,Just,Black,,,,,
Pixel,3,XL,4/64GB,Just,Black,,,,
Pixel,32GB,(Quite,Black),,,,,,
Pixel,3a,4/64GB,Just,Black,,,,,
Pixel,3a,XL,4/64GB,Just,Black,,,,
Pixel,4,6/64GB,Just,Black,,,,,
Pixel,4,XL,6/128GB,Just,Black,,,,
Pixel,4,XL,6/64GB,Oh,So,Orange,,,
Pixel,4a,5G,6/128GB,Just,Black,,,,
Pixel,4a,6/128GB,Just,Black,,,,,
Pixel,5,8/128GB,Just,Black,,,,,
Pixel,XL,128GB,(Quite,Black),,,,,
Pixel,XL,128GB,(Quite,Black),,,,,
Poco,F2,Pro,6/128GB,Electric,Purple,,,,
Poco,M3,4/128GB,Black,,,,,,
Poco,M3,4/64GB,Black,,,,,,
Poco,X3,NFC,6/128GB,Cobalt,Blue,,,,
Poco,X3,NFC,6/64GB,Cobalt,Blue,,,,
Pocophone,F1,6/128GB,Blue,,,,,,
Pop,4,Pro,BC3,1/16GB,Cosmic,Shine,,,
Power,6,4/64GB,Black,,,,,,
Power,6,4/64GB,Blue,,,,,,
Power,6,4/64GB,Red,,,,,,
Power,6,4/64GB,Red,,,,,,
Q,6/64GB,Blue,,,,,,,
Quest,4/64GB,Black,,,,,,,
RAZR,2019,XT200-1,Noir,Black,,,,,
RAZR,2019,XT2000-2,Noir,Black,,,,,
ROG,Phone,3,Strix,12/128GB,Black,(90AI0031-M00010),,,
ROG,Phone,3,ZS661KS,12/128GB,Black,(90AI0032-M00180),,,
ROG,Phone,3,ZS661KS,12/256GB,Black,,,,
ROG,Phone,3,ZS661KS,12/512GB,Black,,,,
ROG,Phone,8/512GB,DualSim,Black,,,,,
ROG,Phone,8/512GB,DualSim,Black,,,,,
ROG,Phone,8/512GB,DualSim,Black,,,,,
Redmi,10x,4G,4/128GB,Blue,,,,,
Redmi,10x,4G,6/128GB,Blue,,,,,
Redmi,4x,2/16GB,Black,,,,,,
Redmi,4x,2/16GB,Gold,,,,,,
Redmi,4x,4/64GB,Black,,,,,,
Redmi,4x,4/64GB,Gold,,,,,,
Redmi,5,3/32GB,Black,,,,,,
Redmi,5,3/32GB,Gold,,,,,,
Redmi,5,Plus,4/64GB,Black,,,,,
Redmi,5,Plus,4/64GB,Gold,,,,,
Redmi,5A,2/16GB,Gold,,,,,,
Redmi,5A,3/32GB,Gold,,,,,,
Redmi,5A,3/32GB,Gray,,,,,,
Redmi,5A,3/32GB,Gray,,,,,,
Redmi,6,3/32GB,Black,,,,,,
Redmi,6,3/32GB,Gold,,,,,,
Redmi,6,3/64GB,Black,,,,,,
Redmi,6,3/64GB,Gold,,,,,,
Redmi,6,3/64GB,Gold,,,,,,
Redmi,6,4/64GB,Black,,,,,,
Redmi,6,Pro,3/32GB,Black,,,,,
Redmi,6,Pro,4/64GB,Black,,,,,
Redmi,7,4/64GB,Blue,,,,,,
Redmi,7,4/64GB,Blue,,,,,,
Redmi,7a,2/16GB,Black,,,,,,
Redmi,7a,3/32GB,Black,,,,,,
Redmi,8,3/32GB,Black,,,,,,
Redmi,8,4/64GB,Blue,,,,,,
Redmi,8A,3/32GB,Black,,,,,,
Redmi,8A,4/64GB,Black,,,,,,
Redmi,9,3/32GB,Grey,NFC,,,,,
Redmi,9,3/32GB,Purple,no,NFC,,,,
Redmi,9,4/128GB,Blue,(no,NFC),,,,
Redmi,9,4/128GB,Blue,(no,NFC),,,,
Redmi,9,4/128GB,Green,(no,NFC),,,,
Redmi,9,4/128GB,Green,(no,NFC),,,,
Redmi,9,4/128GB,Grey,(no,NFC),,,,
Redmi,9,4/128GB,Pink,(no,NFC),,,,
Redmi,9,4/64GB,Grey,NFC,,,,,
Redmi,9,4/64Gb,Pink,(no,NFC),,,,
Redmi,9,6/128GB,Grey,(no,NFC),,,,
Redmi,9A,2/32GB,Granite,Gray,,,,,
Redmi,9C,2/32GB,Midnight,Gray,,,,,
Redmi,9C,3/64GB,Midnight,Gray,,,,,
Redmi,9C,NFC,2/32GB,Midnight,Gray,,,,
Redmi,9C,NFC,3/64GB,Midnight,Gray,,,,
Redmi,9T,4/128GB,Twilight,Blue,,,,,
Redmi,9T,4/64GB,Sunrise,Orange,,,,,
Redmi,K30,6/128GB,Purple,,,,,,
Redmi,K30,8/128GB,Purple,,,,,,
Redmi,K30,8/256GB,Red,,,,,,
Redmi,K30,Pro,6/128GB,White,,,,,
Redmi,Note,4,3/32GB,(Gray),,,,,
Redmi,Note,4,3/64GB,(Gold),,,,,
Redmi,Note,4,3/64GB,(Gold),,,,,
Redmi,Note,4x,3/32GB,Black,,,,,
Redmi,Note,4x,4/64GB,Black,,,,,
Redmi,Note,4x,4/64GB,Gold,,,,,
Redmi,Note,5,3/32GB,Black,,,,,
Redmi,Note,5,3/32GB,Gold,,,,,
Redmi,Note,5,3/32GB,Rose,Gold,,,,
Redmi,Note,5,4/64GB,Gold,,,,,
Redmi,Note,6,Pro,3/32GB,Blue,,,,
Redmi,Note,6,Pro,4/64GB,Blue,,,,
Redmi,Note,6,Pro,4/64GB,Rose,Gold,,,
Redmi,Note,7,4/64GB,Black,,,,,
Redmi,Note,8,3/32GB,Blue,,,,,
Redmi,Note,8,4/128GB,Black,,,,,
Redmi,Note,8,4/64GB,Blue,,,,,
Redmi,Note,8,6/128GB,Blue,,,,,
Redmi,Note,8,6/64GB,White,,,,,
Redmi,Note,8,Pro,6/128GB,Green,,,,
Redmi,Note,8,Pro,6/64GB,Green,,,,
Redmi,Note,8,Pro,8/128GB,White,,,,
Redmi,Note,8T,3/32GB,Grey,,,,,
Redmi,Note,8T,4/64GB,Grey,,,,,
Redmi,Note,9,3/64GB,Grey,(no,NFC),,,
Redmi,Note,9,3/64GB,Grey,NFC,,,,
Redmi,Note,9,4/128GB,Grey,NFC,,,,
Redmi,Note,9,4/128GB,White,(no,NFC),,,
Redmi,Note,9,Pro,4/64GB,Interstellar,Grey,,,
Redmi,Note,9,Pro,6/128GB,Grey,,,,
Redmi,Note,9,Pro,6/64GB,Green,,,,
Redmi,Note,9S,4/64GB,Grey,,,,,
Redmi,Note,9S,6/128GB,Grey,,,,,
Redmi,Note,9T,4/128GB,Nightfall,Black,,,,
Redmi,Note,9T,4/64GB,Daybreak,Purple,,,,
Reno,4,Lite,8/128GB,Magic,Blue,,,,
Reno,4,Pro,8/256GB,Starry,Night,,,,
Reno,6/256GB,Ocean,Green,,,,,,
Reno2,8/256GB,Ocean,Blue,,,,,,
Reno2,Z,8/128GB,Black,,,,,,
Reno4,Z,5G,8/128GB,Black,,,,,
S1,1/8GB,Black,,,,,,,
S1,1/8GB,Black,,,,,,,
S1,Black,,,,,,,,
S260,Black,,,,,,,,
S31,Black,,,,,,,,
S40,3/32GB,Black,,,,,,,
S40,Lite,2/16GB,Black,,,,,,
S40,Lite,2/16GB,Black,,,,,,
S40,Lite,2/16GB,Black,,,,,,
S40,Pro,4/64GB,Black,,,,,,
S40,Pro,4/64GB,Black,,,,,,
S42,Dual,Black,,,,,,,
S5,4/64GB,Pink,,,,,,,
S5,Pro,6/64GB,Black,,,,,,
S5,Pro,6/64Gb,Blue,,,,,,
S5,Pro,6/64Gb,Gold,,,,,,
S52,,,,,,,,,
S55,4/64GB,Black,,,,,,,
S561,3/32GB,Black,,,,,,,
S58,Pro,6/64GB,Black,,,,,,
S60,,,,,,,,,
S60,Lite,4/32GB,Black,,,,,,
S60,Lite,4/32GB,Black,,,,,,
S61,Black,,,,,,,,
S62,Pro,,,,,,,,
S68,Pro,6/128GB,Black,,,,,,
S88,Pro,6/128GB,Black,,,,,,
S90C,4/128GB,Black,,,,,,,
S90C,4/64GB,Black,,,,,,,
S90C,4/64GB,Black,,,,,,,
S90C,4/64GB,Black,,,,,,,
S90C,4/64GB,GIFT,Orange,,,,,,
S95,Pro,8/128GB,Black,,,,,,
S95,Pro,8/256GB,Mineral,Black,,,,,
S96,Pro,8/128GB,Black,,,,,,
S96,Pro,8/128GB,Green,,,,,,
S96,Pro,8/128GB,Orange,,,,,,
Sense,55DC,16GB,Black,,,,,,
Sense,55DC,16GB,Gold,,,,,,
Sense,55DC,16GB,Gold,,,,,,
Sense,55DC,16GB,Gold,,,,,,
Sense,55S,16GB,Black,,,,,,
Shine,AS-5435,Blue,,,,,,,
Smart,Ultra,Dark,Gray,,,,,,
Spark,4,KC2,3/32GB,Royal,Purple,,,,
Spark,4,Lite,2/32GB,Midnight,Black,(4895180754593),,,
Spark,5,Pro,KD7,4/128GB,DS,Spark,Orange,,
Spark,5,Pro,KD7,4/64GB,DS,Spark,Orange,,
Spark,6,Go,KE5,2/32GB,Aqua,Blue,(4895180762383),,
Spark,6,Go,KE5j,3/64GB,Aqua,Blue,(4895180762918),,
Spark,6,KE7,4/128GB,Comet,Black,(4895180762079),,,
Spark,6,KE7,4/64GB,Ocean,Blue,(4895180762024),,,
Surface,Duo,6GB/256GB,(TGM-00001),,,,,,
T3,Pro,3/16GB,Black,,,,,,
T3,Pro,3/16GB,Black,,,,,,
U,6/128GB,Black,,,,,,,
U11,4/64GB,Black,99HAMB075-00,,,,,,
U11,4/64GB,White,,,,,,,
U20,5G,8/256GB,White,,,,,,
U3H,8/256GB,Black,,,,,,,
U3H,8/256GB,Black,,,,,,,
V10,6/128GB,Dual,Beach,Gold,,,,,
V20,8/128GB,Midnight,Jazz,,,,,,
V20,8/128GB,Sunset,Melody,,,,,,
V20,SE,8/128GB,Gravity,Black,,,,,
V40,ThinQ,4/64GB,Aurora,Black,,,,,
V50,ThinQ,5G,6/128GB,Single,Sim,Black,,,
V50S,ThinQ,5G,8/256GB,Aurora,Black,,,,
V9,6/64GB,Red,,,,,,,
V9,6/64GB,Red,,,,,,,
Velvet,5G,LM-G900EM,6/128GB,Aurora,Gray,,,,
WP1,4/64GB,Black,,,,,,,
WP2,4/64GB,Black,,,,,,,
WP2,4/64GB,Gold,,,,,,,
WP5,3/32GB,Black,,,,,,,
WP5,Pro,4/64GB,Black,,,,,,
WP6,4/128GB,Black,,,,,,,
WP6,6/128GB,Black,,,,,,,
WP7,8/128GB,Black,,,,,,,
WP8,Pro,4/64GB,Black,,,,,,
X,4/64GB,Black,,,,,,,
X,Cover,4s,G398F,(SM-G398FZKD),,,,,
X,Screen,16GB,Single,K500n,White,,,,
X-TREME,PQ39,ULTRA,Black,,,,,,
X-TREME,PQ39,ULTRA,Black-Green,,,,,,
X-TREME,PQ54,MAX,,,,,,,
X-style,S3500,sKai,Black,,,,,,
X-treme,PQ20,Black,,,,,,,
X-treme,PQ20,Black,Orange,,,,,,
X-treme,PQ20,Black,Orange,,,,,,
X-treme,PQ24,Black,,,,,,,
X-treme,PQ24,Black/Orange,,,,,,,
X-treme,PQ29,Black,,,,,,,
X-treme,PQ29,Black-Orange,,,,,,,
X-treme,PQ29,Black-Orange,,,,,,,
X-treme,PQ36,Black,,,,,,,
X-treme,PQ36,Orange,,,,,,,
X-treme,PQ39,Black,,,,,,,
X-treme,PQ52,Black-Orange,,,,,,,
X-treme,PQ53,Black,,,,,,,
X-treme,PQ54,Black,(4827798865712),,,,,,
X19,4/64GB,Black,,,,,,,
X2,Pro,8/128GB,Lunar,White,,,,,
X20,Pro,6/128GB,Black,,,,,,
X3,6/64GB,Black,,,,,,,
X3,8/64GB,Black,,,,,,,
X3,8/64GB,Black,,,,,,,
X50,5G,6/128GB,Jungle,Green,,,,,
X50,8/128GB,Frost,Blue,,,,,,
X50,8/128GB,Graze,Black,,,,,,
X50,Pro,5G,8/128GB,Green,,,,,
X50,Pro,5G,8/256GB,Rust,Red,,,,
X50,Pro,8/256GB,Alpha,Grey,,,,,
X60L,Matte,Black,(6924351653118),,,,,,
X7,Dual,Sim,6/128GB,Black,,,,,
X7,Dual,Sim,6/64GB,Black,,,,,
X90,1/16GB,Black,,,,,,,
X90,1/16GB,Blue,,,,,,,
X90,1/16GB,Gold,,,,,,,
X90,1/16GB,Gold,,,,,,,
X90L,3/16GB,Green,,,,,,,
X90L,3/16GB,Purple,,,,,,,
X90L,3/16GB,Purple,,,,,,,
X95,2/16GB,Black,,,,,,,
X95,2/16GB,Green,,,,,,,
X95,2/16GB,Green,,,,,,,
Xperia,1,II,XQ-AT51,8/256GB,Black,,,,
Xperia,1,II,XQ-AT51,8/256GB,Black,,,,
Xperia,1,II,XQ-AT52,12/256GB,Mirror,Lake,Green,,
Xperia,1,II,XQ-AT52,8/256GB,Purple,,,,
Xperia,1,J9110,Black,,,,,,
Xperia,10,I4113,Black,,,,,,
Xperia,10,II,4/128GB,Mint,,,,,
Xperia,5,II,8/128GB,Black,,,,,
Xperia,5,II,8/256GB,Blue,,,,,
Xperia,5,J9210,6/128GB,Black,,,,,
Xperia,C5,Ultra,Dual,E5533,(Black),,,,
Xperia,XA1,Dual,(G3112),Black,,,,,
Xperia,XA1,Dual,(G3112),Black,,,,,
Xperia,XZ,(Black),,,,,,,
Xperia,XZ,(Blue),,,,,,,
Xperia,XZ,(Blue),,,,,,,
Xperia,XZ,Dual,F8332,(Black),,,,,
Xperia,Z,(Black),,,,,,,
Xperia,Z5,Dual,E6683,(White),,,,,
Xperia,Z5,Premium,E6853,(Black),,,,,
Xrover,C,2/16GB,Black,,,,,,
Y11,3/32GB,Agate,Red,,,,,,
Y15,4/64GB,Aqua,Blue,,,,,,
Y15,4/64GB,Aqua,Blue,,,,,,
Y15,4/64GB,Burgundy,Red,,,,,,
Y19,4/128GB,Black,,,,,,,
Y1S,2/32GB,Black,,,,,,,
Y1S,2/32GB,Blue,,,,,,,
Y20,4/64GB,Nebula,Blue,,,,,,
Y20,4/64GB,Obsidian,Black,,,,,,
Y30,4/64GB,Black,,,,,,,
Y30,4/64GB,Blue,,,,,,,
Y5,2019,2/16GB,Black,(51093SHA),,,,,
Y5,2019,2/16GB,Black,(51093SHA),,,,,
Y5,2019,2/16GB,Brown,(51093SHE),,,,,
Y5p,2/32GB,Mint,Green,(51095MUB),,,,,
Y6,2019,DS,Amber,Brown,(51093PMR),,,,
Y6,2019,DS,Amber,Brown,(51093PMR),,,,
Y6,2019,DS,Blue,,,,,,
Y6,2019,DS,Blue,,,,,,
Y6,2019,DS,Midnight,Black,(51093PMP),,,,
Y6,Prime,2018,3/32GB,Gold,(51092MFF),,,,
Y6,Prime,2018,3/32GB,Gold,(51092MFF),,,,
Y6,Pro,(Gold),,,,,,,
Y6p,3/64GB,Midnight,Black,(51095KYP),,,,,
Y6s,3/32GB,Orhid,Blue,(51094WBU),,,,,
Y6s,3/32GB,Orhid,Blue,(51094WBU),,,,,
Y6s,3/32GB,Starry,Black,(51094WBW),,,,,
Y7,2019,3/32GB,Coral,Red,(51093HEW),,,,
Y7,2019,3/32GB,Coral,Red,(51093HEW),,,,
Y7,Prime,2018,3/32GB,Black,(51092JHA),,,,
Y9,Plus,4/64GB,Black,,,,,,
Y9,Plus,4/64GB,Blue,,,,,,
ZenFone,Live,ZB501KL,Navy,Black,(ZB501KL-4A053A),,,,
Zenfone,5,ZE620KL,4/64GB,Blue,(ZE620KL-1A012WW),,,,
Zenfone,7,Pro,ZS671KS,8/256GB,Black,,,,
Zenfone,7,ZS670KS,8/128GB,Black,,,,,
iPhone,11,128GB,Black,(MWLE2),,,,,
iPhone,11,128GB,Dual,Sim,Black,(MWN72),,,
iPhone,11,128GB,Slim,Box,Black,(MHDH3),,,
iPhone,11,256GB,Black,(MWLL2),,,,,
iPhone,11,256GB,Slim,Box,Black,(MHDP3),,,
iPhone,11,64GB,Black,(MWLT2),,,,,
iPhone,11,64GB,Dual,Sim,White,(MWN12),,,
iPhone,11,64GB,Slim,Box,Black,(MHDA3),,,
iPhone,11,Pro,256GB,Dual,Sim,Midnight,Green,(MWDH2),
iPhone,11,Pro,256GB,Midnight,Green,(MWCQ2),,,
iPhone,11,Pro,512GB,Dual,Sim,Silver,(MWDK2),,
iPhone,11,Pro,512GB,Midnight,Green,(MWCV2),,,
iPhone,11,Pro,64GB,Dual,Sim,Silver,(MWDA2),,
iPhone,11,Pro,64GB,Space,Gray,(MWC22/MWCH2),,,
iPhone,11,Pro,Max,256GB,Dual,Sim,Gold,(MWF32),
iPhone,11,Pro,Max,256GB,Midnight,Green,(MWH72),,
iPhone,11,Pro,Max,512GB,Dual,Sim,Silver,(MWF62),
iPhone,11,Pro,Max,512GB,Space,Gray,(MWH82),,
iPhone,11,Pro,Max,64GB,Dual,Sim,Space,Gray,(MWEV2)
iPhone,11,Pro,Max,64GB,Dual,Sim,Space,Gray,(MWEV2)
iPhone,11,Pro,Max,64GB,Space,Gray,(MWGY2;,MWHD2),
iPhone,12,128GB,Black,(MGJA3/MGHC3),,,,,
iPhone,12,128GB,Dual,Sim,Black,(MGGU3),,,
iPhone,12,256GB,Black,(MGJG3/MGHH3),,,,,
iPhone,12,256GB,Dual,Sim,Black,(MGH13),,,
iPhone,12,64GB,Blue,(MGJ83/MGH93),,,,,
iPhone,12,64GB,Dual,Sim,(PRODUCT)RED,(MGGP3),,,
iPhone,12,Pro,128GB,Dual,Sim,Pacific,Blue,(MGLD3),
iPhone,12,Pro,128GB,Pacific,Blue,(MGMN3/MGLR3),,,
iPhone,12,Pro,256GB,Dual,Sim,Pacific,Blue,(MGLH3),
iPhone,12,Pro,256GB,Pacific,Blue,(MGMT3/MGLW3),,,
iPhone,12,Pro,512GB,Dual,Sim,Pacific,Blue,(MGLM3),
iPhone,12,Pro,512GB,Pacific,Blue,(MGMX3/MGM43),,,
iPhone,12,Pro,Max,128GB,Dual,Sim,Graphite,(MGC03),
iPhone,12,Pro,Max,128GB,Graphite,(MGD73),,,
iPhone,12,Pro,Max,256GB,Dual,Sim,Pacific,Blue,(MGC73)
iPhone,12,Pro,Max,256GB,Pacific,Blue,(MGDF3),,
iPhone,12,Pro,Max,512GB,Dual,Sim,Pacific,Blue,(MGCE3)
iPhone,12,Pro,Max,512GB,Pacific,Blue,(MGDL3),,
iPhone,12,mini,128GB,Black,(MGE33),,,,
iPhone,12,mini,256GB,Black,(MGE93),,,,
iPhone,12,mini,64GB,Black,(MGDX3),,,,
iPhone,5C,32GB,(White),,,,,,
iPhone,5C,8GB,(White),,,,,,
iPhone,5S,16GB,Space,Gray,(ME432),,,,
iPhone,5S,32GB,(Space,Gray),,,,,
iPhone,6,128GB,(Gold),,,,,,
iPhone,6,16GB,Space,Gray,(MG472),,,,
iPhone,6,32GB,Space,Grey,(MQ3D2),,,,
iPhone,6,64GB,Space,Gray,(MG4F2),,,,
iPhone,6,Plus,128GB,(Space,Gray),,,,
iPhone,6,Plus,16GB,(Silver),,,,,
iPhone,6,Plus,64GB,Space,Gray,(MGAH2),,,
iPhone,6s,128GB,Space,Gray,(MKQT2),,,,
iPhone,6s,128GB,Space,Gray,(MKQT2),,,,
iPhone,6s,16GB,Space,Gray,(MKQJ2),,,,
iPhone,6s,32GB,Space,Gray,(MN0W2),,,,
iPhone,6s,64GB,Space,Gray,(MKQN2),,,,
iPhone,6s,Plus,16GB,Space,Gray,(MKU12),,,
iPhone,6s,Plus,32GB,Space,Gray,(MN2V2),,,
iPhone,6s,Plus,64GB,Space,Gray,(MKU62),,,
iPhone,7,128GB,Jet,Black,(MN962),,,,
iPhone,7,256GB,Black,(MN972),,,,,
iPhone,7,256GB,Black,(MN972),,,,,
iPhone,7,32GB,Black,(MN8X2),,,,,
iPhone,7,Plus,128GB,Black,(MN4M2),,,,
iPhone,7,Plus,256GB,Rose,Gold,(MN502),,,
iPhone,7,Plus,32GB,Black,(MNQM2),,,,
iPhone,7,Plus,32GB,Black,(MNQM2),,,,
iPhone,8,128GB,Gold,(MX182),,,,,
iPhone,8,256GB,Space,Gray,(MQ7F2),,,,
iPhone,8,64GB,Space,Gray,(MQ6G2),,,,
iPhone,8,Plus,128GB,Gold,(MX262),,,,
iPhone,8,Plus,256GB,Space,Gray,(MQ8G2),,,
iPhone,8,Plus,64GB,Space,Gray,(MQ8L2),,,
iPhone,SE,128GB,Space,Grey,(MP862),,,,
iPhone,SE,16GB,Space,Gray,(MLLN2),,,,
iPhone,SE,2020,128GB,Black,(MXD02/MXCW2),,,,
iPhone,SE,2020,128GB,Slim,Box,Black,(MHGT3),,
iPhone,SE,2020,256GB,Black,(MXVT2/MXVP2),,,,
iPhone,SE,2020,256GB,Slim,Box,White,(MHGX3),,
iPhone,SE,2020,64GB,Black,(MX9R2/MX9N2),,,,
iPhone,SE,2020,64GB,Slim,Box,Black,(MHGP3),,
iPhone,SE,32GB,Space,Grey,(MP822),,,,
iPhone,SE,64GB,Space,Gray,(MLM62),,,,
iPhone,SE,64GB,Space,Gray,(MLM62),,,,
iPhone,X,256GB,Silver,(MQAG2),,,,,
iPhone,X,64GB,Space,Gray,(MQAC2),,,,
iPhone,XR,128GB,Black,(MRY92),,,,,
iPhone,XR,128GB,Slim,Box,Black,(MH7L3),,,
iPhone,XR,256GB,Black,(MRYJ2),,,,,
iPhone,XR,64GB,Black,(MRY42),,,,,
iPhone,XR,64GB,Slim,Box,Black,(MH6M3),,,
iPhone,XR,Dual,Sim,128GB,Black,(MT192),,,
iPhone,XR,Dual,Sim,64GB,Black,(MT122),,,
iPhone,XS,256GB,Gold,(MT9K2),,,,,
iPhone,XS,512GB,Silver,(MT9M2),,,,,
iPhone,XS,64GB,Space,Gray,(MT9E2),,,,
iPhone,XS,Max,256GB,Gold,(MT552),,,,
iPhone,XS,Max,512GB,Space,Gray,(MT622),,,
iPhone,XS,Max,64GB,Gold,(MT522),,,,
iPhone,XS,Max,Dual,Sim,64GB,Gold,(MT732),,
nova,5T,6/128GB,Black,(51094MEU),,,,,
nubia,Red,Magic,5G,8/128GB,Black,,,,
